candidate_id,candidate_name,rows_in_stance_dataset
Z2lkOi8vYmFsbG90LWZhY3RvcnkvQ2FuZGlkYWN5LzEwNTMyOTQ=,Cathlin B. Gleason,"[0, 1, 2, 3, 4, 5, 6, 7, 8, 9, 10]"
Z2lkOi8vYmFsbG90LWZhY3RvcnkvQ2FuZGlkYWN5LzEwNTMyOTM=,Andre D. Wallace,[11]
Z2lkOi8vYmFsbG90LWZhY3RvcnkvQ2FuZGlkYWN5LzEwNTMwNTI=,Dorcey L. Applyrs,"[12, 13, 14, 15, 16, 17, 18, 19, 20]"
Z2lkOi8vYmFsbG90LWZhY3RvcnkvQ2FuZGlkYWN5LzEwODk3ODE=,Rocco Pezzulo,"[21, 22, 23, 24, 25, 26, 27]"
Z2lkOi8vYmFsbG90LWZhY3RvcnkvQ2FuZGlkYWN5LzEwODMxMTI=,Eric L. Adams,"[28, 29, 30, 31, 32]"
Z2lkOi8vYmFsbG90LWZhY3RvcnkvQ2FuZGlkYWN5LzEwODMxMTM=,Joseph Hernandez,"[33, 34, 35, 36, 37, 38, 39, 40, 41, 42, 43, 44, 45, 46]"
Z2lkOi8vYmFsbG90LWZhY3RvcnkvQ2FuZGlkYWN5LzEwODMxMTQ=,Andrew M. Cuomo,"[47, 48, 49, 50, 51, 52, 53, 54, 55, 56]"
Z2lkOi8vYmFsbG90LWZhY3RvcnkvQ2FuZGlkYWN5LzEwNTMwMjI=,Zohran Kwame Mamdani,"[57, 58, 59, 60, 61, 62, 63, 64, 65, 66, 67, 68, 69, 70, 71, 72, 73, 74, 75, 76, 77]"
Z2lkOi8vYmFsbG90LWZhY3RvcnkvQ2FuZGlkYWN5LzEwODMxMTA=,Curtis A. Sliwa,"[78, 79, 80, 81, 82, 83, 84, 85, 86, 87, 88, 89, 90, 91, 92, 93, 94, 95, 96, 97, 98, 99, 100, 101, 102, 103, 104, 105, 106, 107, 108, 109, 110]"
Z2lkOi8vYmFsbG90LWZhY3RvcnkvQ2FuZGlkYWN5LzEwNTM1MDA=,Shirley Aldebol,"[111, 112, 113, 114, 115, 116, 117]"
Z2lkOi8vYmFsbG90LWZhY3RvcnkvQ2FuZGlkYWN5LzEwODMyNzY=,Kristy Marmorato,"[118, 119, 120, 121, 122]"
Z2lkOi8vYmFsbG90LWZhY3RvcnkvQ2FuZGlkYWN5LzEwODMyNzc=,Joel Rivera,"[123, 124, 125, 126, 127, 128, 129, 130, 131]"
Z2lkOi8vYmFsbG90LWZhY3RvcnkvQ2FuZGlkYWN5LzEwODM4Njk=,Vickie Paladino,"[132, 133, 134, 135]"
Z2lkOi8vYmFsbG90LWZhY3RvcnkvQ2FuZGlkYWN5LzEwNTMwODc=,"Benjamin ""Ben"" Chou","[136, 137, 138, 139, 140, 141, 142, 143]"
Z2lkOi8vYmFsbG90LWZhY3RvcnkvQ2FuZGlkYWN5LzEwNTM0OTU=,Harvey D. Epstein,"[144, 145, 146, 147, 148, 149, 150, 151, 152, 153, 154, 155, 156, 157, 158, 159, 160, 161, 162, 163, 164, 165, 166, 167, 168, 169, 170, 171, 172, 173, 174, 175, 176]"
Z2lkOi8vYmFsbG90LWZhY3RvcnkvQ2FuZGlkYWN5LzEwODMxNjM=,Jason C. Murillo,"[177, 178, 179, 180, 181, 182, 183, 184, 185]"
Z2lkOi8vYmFsbG90LWZhY3RvcnkvQ2FuZGlkYWN5LzEwODMxNjQ=,Allie Ryan,"[186, 187, 188, 189, 190, 191, 192, 193, 194, 195, 196, 197, 198, 199, 200, 201, 202, 203, 204, 205]"
Z2lkOi8vYmFsbG90LWZhY3RvcnkvQ2FuZGlkYWN5LzEwODMxNjU=,Gail Schargel,"[206, 207, 208, 209, 210]"
Z2lkOi8vYmFsbG90LWZhY3RvcnkvQ2FuZGlkYWN5LzEwNTMwNTA=,Alexa Avilés,"[211, 212, 213, 214, 215, 216, 217, 218, 219, 220, 221, 222, 223, 224, 225, 226, 227, 228, 229, 230, 231]"
Z2lkOi8vYmFsbG90LWZhY3RvcnkvQ2FuZGlkYWN5LzEwODMzMjI=,Luis E. Quero,"[232, 233, 234, 235]"
Z2lkOi8vYmFsbG90LWZhY3RvcnkvQ2FuZGlkYWN5LzEwODMzMzI=,Farah N. Louis,"[236, 237, 238, 239, 240, 241, 242, 243]"
Z2lkOi8vYmFsbG90LWZhY3RvcnkvQ2FuZGlkYWN5LzEwODMzMzM=,Joshua E. Diaz,"[244, 245, 246, 247, 248]"
Z2lkOi8vYmFsbG90LWZhY3RvcnkvQ2FuZGlkYWN5LzEwODMzMzQ=,Hatem El-Gamasy,"[249, 250, 251, 252, 253, 254, 255]"
Z2lkOi8vYmFsbG90LWZhY3RvcnkvQ2FuZGlkYWN5LzEwODQwMzI=,John E. Shea,"[256, 257, 258]"
Z2lkOi8vYmFsbG90LWZhY3RvcnkvQ2FuZGlkYWN5LzEwNzg1MjE=,Sarah Blas,"[259, 260, 261, 262, 263, 264, 265, 266, 267, 268, 269, 270, 271, 272, 273, 274, 275, 276, 277, 278, 279, 280, 281]"
Z2lkOi8vYmFsbG90LWZhY3RvcnkvQ2FuZGlkYWN5LzEwNTMwMzU=,Julie Menin,"[282, 283, 284, 285, 286, 287, 288, 289, 290, 291]"
Z2lkOi8vYmFsbG90LWZhY3RvcnkvQ2FuZGlkYWN5LzEwODMxNTk=,Alina Bonsell,"[292, 293, 294, 295, 296, 297, 298, 299, 300, 301, 302, 303, 304, 305, 306, 307, 308, 309, 310, 311]"
Z2lkOi8vYmFsbG90LWZhY3RvcnkvQ2FuZGlkYWN5LzEwNTMxNTQ=,Frank Morano,"[312, 313, 314, 315, 316, 317, 318, 319, 320, 321, 322, 323, 324, 325, 326, 327, 328, 329, 330, 331]"
Z2lkOi8vYmFsbG90LWZhY3RvcnkvQ2FuZGlkYWN5LzEwODQwMzE=,John K. Buthorn,"[332, 333, 334, 335, 336, 337, 338, 339, 340, 341, 342, 343, 344, 345, 346, 347, 348, 349, 350, 351, 352, 353, 354, 355, 356, 357, 358, 359, 360, 361, 362, 363, 364, 365, 366, 367]"
Z2lkOi8vYmFsbG90LWZhY3RvcnkvQ2FuZGlkYWN5LzEwODQwMzA=,Clifford A. Hagen,"[368, 369, 370, 371, 372]"
Z2lkOi8vYmFsbG90LWZhY3RvcnkvQ2FuZGlkYWN5LzEwNTMwMzc=,Shaun Abreu,"[373, 374, 375, 376, 377, 378, 379, 380, 381, 382, 383]"
Z2lkOi8vYmFsbG90LWZhY3RvcnkvQ2FuZGlkYWN5LzEwODMxNTY=,Manual Williams,"[384, 385, 386, 387, 388, 389, 390, 391, 392]"
Z2lkOi8vYmFsbG90LWZhY3RvcnkvQ2FuZGlkYWN5LzEwODMxNTc=,Edafe Okporo,"[393, 394, 395, 396, 397, 398, 399, 400, 401, 402, 403, 404, 405, 406, 407, 408, 409, 410, 411]"
Z2lkOi8vYmFsbG90LWZhY3RvcnkvQ2FuZGlkYWN5LzEwNTMyOTI=,Sean M. Ryan,"[412, 413, 414, 415, 416, 417, 418, 419, 420, 421]"
Z2lkOi8vYmFsbG90LWZhY3RvcnkvQ2FuZGlkYWN5LzEwNjAwMDc=,Michael Gainer,"[422, 423, 424, 425, 426, 427, 428, 429, 430]"
Z2lkOi8vYmFsbG90LWZhY3RvcnkvQ2FuZGlkYWN5LzEwNjAwMDg=,James R. Gardner,"[431, 432, 433, 434]"
Z2lkOi8vYmFsbG90LWZhY3RvcnkvQ2FuZGlkYWN5LzEwNTM0MTM=,Lashunda C. Leslie-Smith,"[435, 436, 437, 438]"
Z2lkOi8vYmFsbG90LWZhY3RvcnkvQ2FuZGlkYWN5LzEwNTM0MTQ=,Miguel A. Melendez Jr.,"[439, 440]"
Z2lkOi8vYmFsbG90LWZhY3RvcnkvQ2FuZGlkYWN5LzEwNTM0MTU=,Mitch D. Gruber,"[441, 442]"
Z2lkOi8vYmFsbG90LWZhY3RvcnkvQ2FuZGlkYWN5LzEwNTM0MTY=,"Chiara ""Kee Kee"" Smith","[443, 444, 445]"
Z2lkOi8vYmFsbG90LWZhY3RvcnkvQ2FuZGlkYWN5LzEwNTM0MTc=,Stanley Martin,"[446, 447, 448, 449, 450, 451, 452, 453, 454, 455]"
Z2lkOi8vYmFsbG90LWZhY3RvcnkvQ2FuZGlkYWN5LzEwNTQ4MDY=,Marcus C. Williams,"[456, 457, 458, 459, 460, 461, 462, 463, 464, 465, 466, 467, 468, 469, 470, 471, 472, 473, 474, 475]"
Z2lkOi8vYmFsbG90LWZhY3RvcnkvQ2FuZGlkYWN5LzEwNTQ4MDc=,Victor H. Sanchez,"[476, 477, 478, 479, 480, 481, 482, 483, 484, 485, 486, 487, 488, 489, 490, 491, 492, 493, 494, 495, 496, 497, 498, 499, 500, 501, 502]"
Z2lkOi8vYmFsbG90LWZhY3RvcnkvQ2FuZGlkYWN5LzEwNTQ4MDg=,Kelly Cheatle,"[503, 504, 505]"
Z2lkOi8vYmFsbG90LWZhY3RvcnkvQ2FuZGlkYWN5LzEwNTQ4MDk=,David R. Sutliff-Atias,"[506, 507, 508, 509]"
Z2lkOi8vYmFsbG90LWZhY3RvcnkvQ2FuZGlkYWN5LzEwNTMxMzA=,Sharon F. Owens,"[510, 511, 512, 513, 514, 515, 516, 517, 518, 519, 520, 521, 522, 523, 524, 525, 526, 527, 528, 529, 530, 531, 532, 533, 534, 535, 536, 537, 538, 539, 540, 541]"
Z2lkOi8vYmFsbG90LWZhY3RvcnkvQ2FuZGlkYWN5LzEwNzg0NTg=,Thomas R. Babilon,"[542, 543, 544, 545, 546, 547, 548, 549]"
Z2lkOi8vYmFsbG90LWZhY3RvcnkvQ2FuZGlkYWN5LzEwNzg0NTk=,Alfonso Davis,"[550, 551, 552, 553, 554]"
Z2lkOi8vYmFsbG90LWZhY3RvcnkvQ2FuZGlkYWN5LzEwNTMwMzk=,Antonio Reynoso,"[555, 556, 557, 558, 559, 560, 561, 562, 563, 564, 565, 566, 567, 568, 569, 570, 571, 572, 573, 574, 575, 576, 577, 578, 579, 580, 581, 582, 583, 584, 585, 586, 587]"
Z2lkOi8vYmFsbG90LWZhY3RvcnkvQ2FuZGlkYWN5LzEwODMzMTM=,Janine Acquafredda,"[588, 589, 590, 591, 592, 593, 594, 595, 596, 597]"
Z2lkOi8vYmFsbG90LWZhY3RvcnkvQ2FuZGlkYWN5LzEwNTMwMjE=,Peter Kefalas,"[598, 599, 600, 601, 602, 603, 604, 605, 606, 607, 608, 609, 610, 611, 612, 613, 614, 615, 616, 617, 618, 619, 620, 621, 622, 623, 624, 625, 626, 627, 628, 629, 630, 631, 632, 633, 634, 635, 636, 637, 638, 639, 640, 641, 642, 643, 644, 645]"
Z2lkOi8vYmFsbG90LWZhY3RvcnkvQ2FuZGlkYWN5LzEwNTM0OTg=,Mark D. Levine,"[646, 647, 648, 649, 650, 651, 652, 653, 654, 655, 656, 657, 658, 659, 660]"
Z2lkOi8vYmFsbG90LWZhY3RvcnkvQ2FuZGlkYWN5LzEwODMxMTg=,Ismael Malave Perez,"[661, 662, 663, 664, 665, 666, 667, 668]"
Z2lkOi8vYmFsbG90LWZhY3RvcnkvQ2FuZGlkYWN5LzEwNTMwODg=,Shekar Krishnan,"[669, 670, 671, 672, 673]"
Z2lkOi8vYmFsbG90LWZhY3RvcnkvQ2FuZGlkYWN5LzEwODM4Nzk=,Ramses S. Frias,"[674, 675, 676, 677, 678, 679, 680]"
Z2lkOi8vYmFsbG90LWZhY3RvcnkvQ2FuZGlkYWN5LzEwODM4ODA=,Ricardo J. Pacheco,"[681, 682, 683, 684, 685, 686]"
Z2lkOi8vYmFsbG90LWZhY3RvcnkvQ2FuZGlkYWN5LzEwNzgyMTQ=,Julie Won,"[687, 688, 689, 690, 691, 692]"
Z2lkOi8vYmFsbG90LWZhY3RvcnkvQ2FuZGlkYWN5LzEwODM4ODY=,John P. Healy,"[693, 694, 695, 696, 697, 698, 699, 700, 701, 702]"
Z2lkOi8vYmFsbG90LWZhY3RvcnkvQ2FuZGlkYWN5LzEwODM5NDQ=,Lynn C. Schulman,"[703, 704, 705, 706, 707, 708, 709, 710, 711, 712, 713, 714, 715, 716, 717, 718, 719]"
Z2lkOi8vYmFsbG90LWZhY3RvcnkvQ2FuZGlkYWN5LzEwODM5NDU=,Jonathan D. Rinaldi,"[720, 721, 722, 723, 724, 725, 726, 727, 728, 729, 730, 731]"
Z2lkOi8vYmFsbG90LWZhY3RvcnkvQ2FuZGlkYWN5LzEwNTMwNTE=,Shahana K. Hanif,"[732, 733, 734, 735, 736, 737, 738, 739, 740, 741, 742, 743, 744, 745, 746, 747, 748, 749, 750, 751, 752, 753, 754, 755, 756, 757, 758, 759, 760, 761, 762, 763, 764, 765, 766]"
Z2lkOi8vYmFsbG90LWZhY3RvcnkvQ2FuZGlkYWN5LzEwODMzMjM=,Brett E. Wynkoop,"[767, 768, 769, 770, 771, 772, 773, 774]"
Z2lkOi8vYmFsbG90LWZhY3RvcnkvQ2FuZGlkYWN5LzEwODMzMjQ=,Nickie Kane,"[775, 776, 777]"
Z2lkOi8vYmFsbG90LWZhY3RvcnkvQ2FuZGlkYWN5LzEwODMzMjU=,Matthew I. Morgan,"[778, 779, 780, 781, 782, 783, 784, 785, 786, 787, 788, 789, 790, 791, 792, 793, 794, 795, 796, 797, 798, 799, 800, 801]"
Z2lkOi8vYmFsbG90LWZhY3RvcnkvQ2FuZGlkYWN5LzEwNTMwNTU=,Mercedes Narcisse,"[802, 803, 804]"
Z2lkOi8vYmFsbG90LWZhY3RvcnkvQ2FuZGlkYWN5LzEwODMzMzU=,Athena A. Clarke,"[805, 806, 807, 808, 809, 810, 811, 812, 813]"
Z2lkOi8vYmFsbG90LWZhY3RvcnkvQ2FuZGlkYWN5LzEwNTM1MTA=,George Sarantopoulos,"[814, 815, 816, 817, 818, 819, 820, 821, 822, 823, 824, 825, 826, 827, 828]"
Z2lkOi8vYmFsbG90LWZhY3RvcnkvQ2FuZGlkYWN5LzEwNTM1MTE=,Kayla Santosuosso,"[829, 830, 831, 832, 833, 834, 835, 836, 837, 838, 839, 840, 841, 842, 843, 844, 845, 846, 847, 848, 849, 850, 851, 852, 853, 854, 855, 856, 857, 858, 859, 860, 861, 862, 863, 864]"
Z2lkOi8vYmFsbG90LWZhY3RvcnkvQ2FuZGlkYWN5LzEwNTMyOTQ=,Cathlin B. Gleason,"[0, 1, 2, 3, 4, 5, 6, 7, 8, 9, 10]"
Z2lkOi8vYmFsbG90LWZhY3RvcnkvQ2FuZGlkYWN5LzEwNTMyOTM=,Andre D. Wallace,[11]
Z2lkOi8vYmFsbG90LWZhY3RvcnkvQ2FuZGlkYWN5LzEwNTMwNTI=,Dorcey L. Applyrs,"[12, 13, 14, 15, 16, 17, 18, 19, 20]"
Z2lkOi8vYmFsbG90LWZhY3RvcnkvQ2FuZGlkYWN5LzEwODk3ODE=,Rocco Pezzulo,"[21, 22, 23, 24, 25, 26, 27]"
Z2lkOi8vYmFsbG90LWZhY3RvcnkvQ2FuZGlkYWN5LzEwODMxMTI=,Eric L. Adams,"[28, 29, 30, 31, 32]"
Z2lkOi8vYmFsbG90LWZhY3RvcnkvQ2FuZGlkYWN5LzEwODMxMTM=,Joseph Hernandez,"[33, 34, 35, 36, 37, 38, 39, 40, 41, 42, 43, 44, 45, 46]"
Z2lkOi8vYmFsbG90LWZhY3RvcnkvQ2FuZGlkYWN5LzEwODMxMTQ=,Andrew M. Cuomo,"[47, 48, 49, 50, 51, 52, 53, 54, 55, 56]"
Z2lkOi8vYmFsbG90LWZhY3RvcnkvQ2FuZGlkYWN5LzEwNTMwMjI=,Zohran Kwame Mamdani,"[57, 58, 59, 60, 61, 62, 63, 64, 65, 66, 67, 68, 69, 70, 71, 72, 73, 74, 75, 76, 77]"
Z2lkOi8vYmFsbG90LWZhY3RvcnkvQ2FuZGlkYWN5LzEwODMxMTA=,Curtis A. Sliwa,"[78, 79, 80, 81, 82, 83, 84, 85, 86, 87, 88, 89, 90, 91, 92, 93, 94, 95, 96, 97, 98, 99, 100, 101, 102, 103, 104, 105, 106, 107, 108, 109, 110]"
Z2lkOi8vYmFsbG90LWZhY3RvcnkvQ2FuZGlkYWN5LzEwNTM1MDA=,Shirley Aldebol,"[111, 112, 113, 114, 115, 116, 117]"
Z2lkOi8vYmFsbG90LWZhY3RvcnkvQ2FuZGlkYWN5LzEwODMyNzY=,Kristy Marmorato,"[118, 119, 120, 121, 122]"
Z2lkOi8vYmFsbG90LWZhY3RvcnkvQ2FuZGlkYWN5LzEwODMyNzc=,Joel Rivera,"[123, 124, 125, 126, 127, 128, 129, 130, 131]"
Z2lkOi8vYmFsbG90LWZhY3RvcnkvQ2FuZGlkYWN5LzEwODM4Njk=,Vickie Paladino,"[132, 133, 134, 135]"
Z2lkOi8vYmFsbG90LWZhY3RvcnkvQ2FuZGlkYWN5LzEwNTMwODc=,"Benjamin ""Ben"" Chou","[136, 137, 138, 139, 140, 141, 142, 143]"
Z2lkOi8vYmFsbG90LWZhY3RvcnkvQ2FuZGlkYWN5LzEwNTM0OTU=,Harvey D. Epstein,"[144, 145, 146, 147, 148, 149, 150, 151, 152, 153, 154, 155, 156, 157, 158, 159, 160, 161, 162, 163, 164, 165, 166, 167, 168, 169, 170, 171, 172, 173, 174, 175, 176]"
Z2lkOi8vYmFsbG90LWZhY3RvcnkvQ2FuZGlkYWN5LzEwODMxNjM=,Jason C. Murillo,"[177, 178, 179, 180, 181, 182, 183, 184, 185]"
Z2lkOi8vYmFsbG90LWZhY3RvcnkvQ2FuZGlkYWN5LzEwODMxNjQ=,Allie Ryan,"[186, 187, 188, 189, 190, 191, 192, 193, 194, 195, 196, 197, 198, 199, 200, 201, 202, 203, 204, 205]"
Z2lkOi8vYmFsbG90LWZhY3RvcnkvQ2FuZGlkYWN5LzEwODMxNjU=,Gail Schargel,"[206, 207, 208, 209, 210]"
Z2lkOi8vYmFsbG90LWZhY3RvcnkvQ2FuZGlkYWN5LzEwNTMwNTA=,Alexa Avilés,"[211, 212, 213, 214, 215, 216, 217, 218, 219, 220, 221, 222, 223, 224, 225, 226, 227, 228, 229, 230, 231]"
Z2lkOi8vYmFsbG90LWZhY3RvcnkvQ2FuZGlkYWN5LzEwODMzMjI=,Luis E. Quero,"[232, 233, 234, 235]"
Z2lkOi8vYmFsbG90LWZhY3RvcnkvQ2FuZGlkYWN5LzEwODMzMzI=,Farah N. Louis,"[236, 237, 238, 239, 240, 241, 242, 243]"
Z2lkOi8vYmFsbG90LWZhY3RvcnkvQ2FuZGlkYWN5LzEwODMzMzM=,Joshua E. Diaz,"[244, 245, 246, 247, 248]"
Z2lkOi8vYmFsbG90LWZhY3RvcnkvQ2FuZGlkYWN5LzEwODMzMzQ=,Hatem El-Gamasy,"[249, 250, 251, 252, 253, 254, 255]"
Z2lkOi8vYmFsbG90LWZhY3RvcnkvQ2FuZGlkYWN5LzEwODQwMzI=,John E. Shea,"[256, 257, 258]"
Z2lkOi8vYmFsbG90LWZhY3RvcnkvQ2FuZGlkYWN5LzEwNzg1MjE=,Sarah Blas,"[259, 260, 261, 262, 263, 264, 265, 266, 267, 268, 269, 270, 271, 272, 273, 274, 275, 276, 277, 278, 279, 280, 281]"
Z2lkOi8vYmFsbG90LWZhY3RvcnkvQ2FuZGlkYWN5LzEwNTMwMzU=,Julie Menin,"[282, 283, 284, 285, 286, 287, 288, 289, 290, 291]"
Z2lkOi8vYmFsbG90LWZhY3RvcnkvQ2FuZGlkYWN5LzEwODMxNTk=,Alina Bonsell,"[292, 293, 294, 295, 296, 297, 298, 299, 300, 301, 302, 303, 304, 305, 306, 307, 308, 309, 310, 311]"
Z2lkOi8vYmFsbG90LWZhY3RvcnkvQ2FuZGlkYWN5LzEwNTMxNTQ=,Frank Morano,"[312, 313, 314, 315, 316, 317, 318, 319, 320, 321, 322, 323, 324, 325, 326, 327, 328, 329, 330, 331]"
Z2lkOi8vYmFsbG90LWZhY3RvcnkvQ2FuZGlkYWN5LzEwODQwMzE=,John K. Buthorn,"[332, 333, 334, 335, 336, 337, 338, 339, 340, 341, 342, 343, 344, 345, 346, 347, 348, 349, 350, 351, 352, 353, 354, 355, 356, 357, 358, 359, 360, 361, 362, 363, 364, 365, 366, 367]"
Z2lkOi8vYmFsbG90LWZhY3RvcnkvQ2FuZGlkYWN5LzEwODQwMzA=,Clifford A. Hagen,"[368, 369, 370, 371, 372]"
Z2lkOi8vYmFsbG90LWZhY3RvcnkvQ2FuZGlkYWN5LzEwNTMwMzc=,Shaun Abreu,"[373, 374, 375, 376, 377, 378, 379, 380, 381, 382, 383]"
Z2lkOi8vYmFsbG90LWZhY3RvcnkvQ2FuZGlkYWN5LzEwODMxNTY=,Manual Williams,"[384, 385, 386, 387, 388, 389, 390, 391, 392]"
Z2lkOi8vYmFsbG90LWZhY3RvcnkvQ2FuZGlkYWN5LzEwODMxNTc=,Edafe Okporo,"[393, 394, 395, 396, 397, 398, 399, 400, 401, 402, 403, 404, 405, 406, 407, 408, 409, 410, 411]"
Z2lkOi8vYmFsbG90LWZhY3RvcnkvQ2FuZGlkYWN5LzEwNTMyOTI=,Sean M. Ryan,"[412, 413, 414, 415, 416, 417, 418, 419, 420, 421]"
Z2lkOi8vYmFsbG90LWZhY3RvcnkvQ2FuZGlkYWN5LzEwNjAwMDc=,Michael Gainer,"[422, 423, 424, 425, 426, 427, 428, 429, 430]"
Z2lkOi8vYmFsbG90LWZhY3RvcnkvQ2FuZGlkYWN5LzEwNjAwMDg=,James R. Gardner,"[431, 432, 433, 434]"
Z2lkOi8vYmFsbG90LWZhY3RvcnkvQ2FuZGlkYWN5LzEwNTM0MTM=,Lashunda C. Leslie-Smith,"[435, 436, 437, 438]"
Z2lkOi8vYmFsbG90LWZhY3RvcnkvQ2FuZGlkYWN5LzEwNTM0MTQ=,Miguel A. Melendez Jr.,"[439, 440]"
Z2lkOi8vYmFsbG90LWZhY3RvcnkvQ2FuZGlkYWN5LzEwNTM0MTU=,Mitch D. Gruber,"[441, 442]"
Z2lkOi8vYmFsbG90LWZhY3RvcnkvQ2FuZGlkYWN5LzEwNTM0MTY=,"Chiara ""Kee Kee"" Smith","[443, 444, 445]"
Z2lkOi8vYmFsbG90LWZhY3RvcnkvQ2FuZGlkYWN5LzEwNTM0MTc=,Stanley Martin,"[446, 447, 448, 449, 450, 451, 452, 453, 454, 455]"
Z2lkOi8vYmFsbG90LWZhY3RvcnkvQ2FuZGlkYWN5LzEwNTQ4MDY=,Marcus C. Williams,"[456, 457, 458, 459, 460, 461, 462, 463, 464, 465, 466, 467, 468, 469, 470, 471, 472, 473, 474, 475]"
Z2lkOi8vYmFsbG90LWZhY3RvcnkvQ2FuZGlkYWN5LzEwNTQ4MDc=,Victor H. Sanchez,"[476, 477, 478, 479, 480, 481, 482, 483, 484, 485, 486, 487, 488, 489, 490, 491, 492, 493, 494, 495, 496, 497, 498, 499, 500, 501, 502]"
Z2lkOi8vYmFsbG90LWZhY3RvcnkvQ2FuZGlkYWN5LzEwNTQ4MDg=,Kelly Cheatle,"[503, 504, 505]"
Z2lkOi8vYmFsbG90LWZhY3RvcnkvQ2FuZGlkYWN5LzEwNTQ4MDk=,David R. Sutliff-Atias,"[506, 507, 508, 509]"
Z2lkOi8vYmFsbG90LWZhY3RvcnkvQ2FuZGlkYWN5LzEwNTMxMzA=,Sharon F. Owens,"[510, 511, 512, 513, 514, 515, 516, 517, 518, 519, 520, 521, 522, 523, 524, 525, 526, 527, 528, 529, 530, 531, 532, 533, 534, 535, 536, 537, 538, 539, 540, 541]"
Z2lkOi8vYmFsbG90LWZhY3RvcnkvQ2FuZGlkYWN5LzEwNzg0NTg=,Thomas R. Babilon,"[542, 543, 544, 545, 546, 547, 548, 549]"
Z2lkOi8vYmFsbG90LWZhY3RvcnkvQ2FuZGlkYWN5LzEwNzg0NTk=,Alfonso Davis,"[550, 551, 552, 553, 554]"
Z2lkOi8vYmFsbG90LWZhY3RvcnkvQ2FuZGlkYWN5LzEwNTMwMzk=,Antonio Reynoso,"[555, 556, 557, 558, 559, 560, 561, 562, 563, 564, 565, 566, 567, 568, 569, 570, 571, 572, 573, 574, 575, 576, 577, 578, 579, 580, 581, 582, 583, 584, 585, 586, 587]"
Z2lkOi8vYmFsbG90LWZhY3RvcnkvQ2FuZGlkYWN5LzEwODMzMTM=,Janine Acquafredda,"[588, 589, 590, 591, 592, 593, 594, 595, 596, 597]"
Z2lkOi8vYmFsbG90LWZhY3RvcnkvQ2FuZGlkYWN5LzEwNTMwMjE=,Peter Kefalas,"[598, 599, 600, 601, 602, 603, 604, 605, 606, 607, 608, 609, 610, 611, 612, 613, 614, 615, 616, 617, 618, 619, 620, 621, 622, 623, 624, 625, 626, 627, 628, 629, 630, 631, 632, 633, 634, 635, 636, 637, 638, 639, 640, 641, 642, 643, 644, 645]"
Z2lkOi8vYmFsbG90LWZhY3RvcnkvQ2FuZGlkYWN5LzEwNTM0OTg=,Mark D. Levine,"[646, 647, 648, 649, 650, 651, 652, 653, 654, 655, 656, 657, 658, 659, 660]"
Z2lkOi8vYmFsbG90LWZhY3RvcnkvQ2FuZGlkYWN5LzEwODMxMTg=,Ismael Malave Perez,"[661, 662, 663, 664, 665, 666, 667, 668]"
Z2lkOi8vYmFsbG90LWZhY3RvcnkvQ2FuZGlkYWN5LzEwNTMwODg=,Shekar Krishnan,"[669, 670, 671, 672, 673]"
Z2lkOi8vYmFsbG90LWZhY3RvcnkvQ2FuZGlkYWN5LzEwODM4Nzk=,Ramses S. Frias,"[674, 675, 676, 677, 678, 679, 680]"
Z2lkOi8vYmFsbG90LWZhY3RvcnkvQ2FuZGlkYWN5LzEwODM4ODA=,Ricardo J. Pacheco,"[681, 682, 683, 684, 685, 686]"
Z2lkOi8vYmFsbG90LWZhY3RvcnkvQ2FuZGlkYWN5LzEwNzgyMTQ=,Julie Won,"[687, 688, 689, 690, 691, 692]"
Z2lkOi8vYmFsbG90LWZhY3RvcnkvQ2FuZGlkYWN5LzEwODM4ODY=,John P. Healy,"[693, 694, 695, 696, 697, 698, 699, 700, 701, 702]"
Z2lkOi8vYmFsbG90LWZhY3RvcnkvQ2FuZGlkYWN5LzEwODM5NDQ=,Lynn C. Schulman,"[703, 704, 705, 706, 707, 708, 709, 710, 711, 712, 713, 714, 715, 716, 717, 718, 719]"
Z2lkOi8vYmFsbG90LWZhY3RvcnkvQ2FuZGlkYWN5LzEwODM5NDU=,Jonathan D. Rinaldi,"[720, 721, 722, 723, 724, 725, 726, 727, 728, 729, 730, 731]"
Z2lkOi8vYmFsbG90LWZhY3RvcnkvQ2FuZGlkYWN5LzEwNTMwNTE=,Shahana K. Hanif,"[732, 733, 734, 735, 736, 737, 738, 739, 740, 741, 742, 743, 744, 745, 746, 747, 748, 749, 750, 751, 752, 753, 754, 755, 756, 757, 758, 759, 760, 761, 762, 763, 764, 765, 766]"
Z2lkOi8vYmFsbG90LWZhY3RvcnkvQ2FuZGlkYWN5LzEwODMzMjM=,Brett E. Wynkoop,"[767, 768, 769, 770, 771, 772, 773, 774]"
Z2lkOi8vYmFsbG90LWZhY3RvcnkvQ2FuZGlkYWN5LzEwODMzMjQ=,Nickie Kane,"[775, 776, 777]"
Z2lkOi8vYmFsbG90LWZhY3RvcnkvQ2FuZGlkYWN5LzEwODMzMjU=,Matthew I. Morgan,"[778, 779, 780, 781, 782, 783, 784, 785, 786, 787, 788, 789, 790, 791, 792, 793, 794, 795, 796, 797, 798, 799, 800, 801]"
Z2lkOi8vYmFsbG90LWZhY3RvcnkvQ2FuZGlkYWN5LzEwNTMwNTU=,Mercedes Narcisse,"[802, 803, 804]"
Z2lkOi8vYmFsbG90LWZhY3RvcnkvQ2FuZGlkYWN5LzEwODMzMzU=,Athena A. Clarke,"[805, 806, 807, 808, 809, 810, 811, 812, 813]"
Z2lkOi8vYmFsbG90LWZhY3RvcnkvQ2FuZGlkYWN5LzEwNTM1MTA=,George Sarantopoulos,"[814, 815, 816, 817, 818, 819, 820, 821, 822, 823, 824, 825, 826, 827, 828]"
Z2lkOi8vYmFsbG90LWZhY3RvcnkvQ2FuZGlkYWN5LzEwNTM1MTE=,Kayla Santosuosso,"[829, 830, 831, 832, 833, 834, 835, 836, 837, 838, 839, 840, 841, 842, 843, 844, 845, 846, 847, 848, 849, 850, 851, 852, 853, 854, 855, 856, 857, 858, 859, 860, 861, 862, 863, 864]"
Z2lkOi8vYmFsbG90LWZhY3RvcnkvQ2FuZGlkYWN5LzEwODMxMTY=,Gonzalo Duran,"[865, 866, 867, 868, 869, 870, 871, 872, 873, 874, 875, 876, 877, 878, 879, 880, 881, 882, 883, 884, 885, 886, 887, 888, 889]"
Z2lkOi8vYmFsbG90LWZhY3RvcnkvQ2FuZGlkYWN5LzEwODMxMTc=,"Martin ""Marty"" W. Dolan","[890, 891, 892, 893, 894, 895, 896, 897, 898, 899, 900]"
Z2lkOi8vYmFsbG90LWZhY3RvcnkvQ2FuZGlkYWN5LzEwODE0OTg=,Elizabeth S. Fortino,[901]
Z2lkOi8vYmFsbG90LWZhY3RvcnkvQ2FuZGlkYWN5LzEwODE0OTk=,Candace Randall,[902]
Z2lkOi8vYmFsbG90LWZhY3RvcnkvQ2FuZGlkYWN5LzEwODE1MDM=,Lydia L. Young,[903]
Z2lkOi8vYmFsbG90LWZhY3RvcnkvQ2FuZGlkYWN5LzEwODE1MDU=,Patrick Kilmartin,[904]
Z2lkOi8vYmFsbG90LWZhY3RvcnkvQ2FuZGlkYWN5LzEwODcyNTM=,Vincent Cauley,"[905, 906, 907, 908]"
Z2lkOi8vYmFsbG90LWZhY3RvcnkvQ2FuZGlkYWN5LzEwODcyNTU=,John Accardo,"[909, 910, 911, 912, 913, 914]"
Z2lkOi8vYmFsbG90LWZhY3RvcnkvQ2FuZGlkYWN5LzEwODcyMzM=,Thomas Krantz,"[915, 916, 917, 918, 919, 920]"
Z2lkOi8vYmFsbG90LWZhY3RvcnkvQ2FuZGlkYWN5LzEwNzg0MDI=,Austin Tylec,"[921, 922, 923, 924]"
Z2lkOi8vYmFsbG90LWZhY3RvcnkvQ2FuZGlkYWN5LzEwNTMyODE=,Dillon C. Moran,"[925, 926, 927, 928, 929, 930, 931, 932, 933]"
Z2lkOi8vYmFsbG90LWZhY3RvcnkvQ2FuZGlkYWN5LzEwOTc4NzE=,Jessica Troisi,[934]
Z2lkOi8vYmFsbG90LWZhY3RvcnkvQ2FuZGlkYWN5LzEwOTc4NzU=,JoAnne Kiernan,"[935, 936, 937]"
Z2lkOi8vYmFsbG90LWZhY3RvcnkvQ2FuZGlkYWN5LzEwNzgyNzE=,Shafer Gaston,"[938, 939]"
Z2lkOi8vYmFsbG90LWZhY3RvcnkvQ2FuZGlkYWN5LzEwOTc4NzM=,BK Keramati,"[940, 941, 942, 943, 944, 945, 946, 947, 948]"
Z2lkOi8vYmFsbG90LWZhY3RvcnkvQ2FuZGlkYWN5LzEwOTc4NzQ=,Charles Marshall,"[949, 950, 951, 952]"
Z2lkOi8vYmFsbG90LWZhY3RvcnkvQ2FuZGlkYWN5LzEwNzg1NjA=,Michele Madigan,"[953, 954, 955, 956, 957, 958]"
Z2lkOi8vYmFsbG90LWZhY3RvcnkvQ2FuZGlkYWN5LzEwOTc4NzA=,John F. Safford,"[959, 960, 961, 962, 963, 964]"
Z2lkOi8vYmFsbG90LWZhY3RvcnkvQ2FuZGlkYWN5LzEwNzcxMDQ=,Kamal Johnson,"[965, 966, 967, 968, 969, 970, 971, 972, 973, 974, 975, 976, 977, 978, 979, 980]"
Z2lkOi8vYmFsbG90LWZhY3RvcnkvQ2FuZGlkYWN5LzEwNTMwNzQ=,Joseph Ferris,"[981, 982, 983]"
Z2lkOi8vYmFsbG90LWZhY3RvcnkvQ2FuZGlkYWN5LzEwODQwOTk=,Mike Nugent,"[984, 985, 986, 987, 988, 989, 990, 991, 992, 993, 994, 995, 996, 997, 998]"
Z2lkOi8vYmFsbG90LWZhY3RvcnkvQ2FuZGlkYWN5LzEwODQxMDA=,David Quattrocchi,"[999, 1000, 1001, 1002, 1003]"
Z2lkOi8vYmFsbG90LWZhY3RvcnkvQ2FuZGlkYWN5LzEwODQxMzM=,Casey Schreiner,"[1004, 1005, 1006, 1007]"
Z2lkOi8vYmFsbG90LWZhY3RvcnkvQ2FuZGlkYWN5LzEwODQxMzE=,Joe McKenney,"[1008, 1009, 1010, 1011, 1012, 1013, 1014, 1015, 1016, 1017, 1018, 1019]"
Z2lkOi8vYmFsbG90LWZhY3RvcnkvQ2FuZGlkYWN5LzEwODQwMTY=,Trevor Nameniuk,"[1020, 1021, 1022, 1023, 1024, 1025, 1026, 1027, 1028, 1029]"
Z2lkOi8vYmFsbG90LWZhY3RvcnkvQ2FuZGlkYWN5LzEwODQwMTc=,Emily Talago,"[1030, 1031, 1032, 1033, 1034, 1035, 1036, 1037]"
Z2lkOi8vYmFsbG90LWZhY3RvcnkvQ2FuZGlkYWN5LzEwODQwMTU=,Emma Bode,"[1038, 1039, 1040, 1041, 1042]"
Z2lkOi8vYmFsbG90LWZhY3RvcnkvQ2FuZGlkYWN5LzEwODQwMTg=,Alison Sweeney,"[1043, 1044, 1045, 1046, 1047, 1048, 1049, 1050]"
Z2lkOi8vYmFsbG90LWZhY3RvcnkvQ2FuZGlkYWN5LzEwODEzNTA=,Haley McKnight,"[1051, 1052, 1053, 1054, 1055, 1056]"
Z2lkOi8vYmFsbG90LWZhY3RvcnkvQ2FuZGlkYWN5LzEwODEzNTI=,Ben Rigby,"[1057, 1058, 1059, 1060, 1061]"
Z2lkOi8vYmFsbG90LWZhY3RvcnkvQ2FuZGlkYWN5LzEwODEzNTM=,Shaun White Wolf,"[1062, 1063, 1064, 1065]"
Z2lkOi8vYmFsbG90LWZhY3RvcnkvQ2FuZGlkYWN5LzEwODQwMjA=,Douglas Fischer,"[1066, 1067, 1068, 1069, 1070, 1071, 1072, 1073, 1074]"
Z2lkOi8vYmFsbG90LWZhY3RvcnkvQ2FuZGlkYWN5LzEwODQwMjE=,John Meyer,"[1075, 1076, 1077, 1078, 1079, 1080, 1081]"
Z2lkOi8vYmFsbG90LWZhY3RvcnkvQ2FuZGlkYWN5LzEwODQwMjI=,Brendan O'Connor,"[1082, 1083, 1084, 1085, 1086]"
Z2lkOi8vYmFsbG90LWZhY3RvcnkvQ2FuZGlkYWN5LzEwODUzOTY=,John Hanratty,"[1087, 1088]"
Z2lkOi8vYmFsbG90LWZhY3RvcnkvQ2FuZGlkYWN5LzEwODU0MDY=,Ayesha Wilson,"[1089, 1090, 1091]"
Z2lkOi8vYmFsbG90LWZhY3RvcnkvQ2FuZGlkYWN5LzEwODU0MDc=,Robert Winters,"[1092, 1093, 1094]"
Z2lkOi8vYmFsbG90LWZhY3RvcnkvQ2FuZGlkYWN5LzEwODUzOTA=,Ayah A. Al-Zubi,"[1095, 1096, 1097, 1098, 1099, 1100, 1101, 1102, 1103, 1104, 1105, 1106, 1107, 1108, 1109, 1110, 1111]"
Z2lkOi8vYmFsbG90LWZhY3RvcnkvQ2FuZGlkYWN5LzEwODUzOTE=,Burhan Azeem,"[1112, 1113, 1114, 1115, 1116, 1117, 1118, 1119, 1120, 1121]"
Z2lkOi8vYmFsbG90LWZhY3RvcnkvQ2FuZGlkYWN5LzEwODUzOTM=,Elizabeth Bisio,"[1122, 1123, 1124, 1125, 1126]"
Z2lkOi8vYmFsbG90LWZhY3RvcnkvQ2FuZGlkYWN5LzEwODUzOTQ=,Dana Ray Bullister,"[1127, 1128, 1129, 1130, 1131, 1132, 1133, 1134, 1135, 1136, 1137, 1138, 1139]"
Z2lkOi8vYmFsbG90LWZhY3RvcnkvQ2FuZGlkYWN5LzEwODUzOTU=,Timothy P. Flaherty,"[1140, 1141, 1142, 1143, 1144, 1145, 1146, 1147, 1148, 1149, 1150, 1151]"
Z2lkOi8vYmFsbG90LWZhY3RvcnkvQ2FuZGlkYWN5LzEwODU0MDI=,Zion Nathaniel Sherin,"[1152, 1153, 1154, 1155, 1156, 1157, 1158, 1159, 1160, 1161, 1162]"
Z2lkOi8vYmFsbG90LWZhY3RvcnkvQ2FuZGlkYWN5LzEwODU0MDM=,Sumbul Siddiqui,"[1163, 1164, 1165, 1166, 1167, 1168, 1169, 1170]"
Z2lkOi8vYmFsbG90LWZhY3RvcnkvQ2FuZGlkYWN5LzEwODUzOTc=,Peter Hsu,"[1171, 1172, 1173, 1174, 1175, 1176, 1177, 1178]"
Z2lkOi8vYmFsbG90LWZhY3RvcnkvQ2FuZGlkYWN5LzEwODUzOTg=,Marc C. McGovern,"[1179, 1180, 1181]"
Z2lkOi8vYmFsbG90LWZhY3RvcnkvQ2FuZGlkYWN5LzEwODUzOTk=,Ned S. Melanson,"[1182, 1183, 1184, 1185, 1186, 1187, 1188, 1189, 1190]"
Z2lkOi8vYmFsbG90LWZhY3RvcnkvQ2FuZGlkYWN5LzEwODU0MDE=,Stanislav A. Rivkin,"[1191, 1192, 1193, 1194, 1195, 1196, 1197, 1198, 1199, 1200, 1201, 1202, 1203, 1204]"
Z2lkOi8vYmFsbG90LWZhY3RvcnkvQ2FuZGlkYWN5LzEwODU0MDU=,Jivan G. Sobrinho-Wheeler,"[1205, 1206, 1207, 1208, 1209, 1210, 1211, 1212, 1213, 1214]"
Z2lkOi8vYmFsbG90LWZhY3RvcnkvQ2FuZGlkYWN5LzEwODE2MTA=,Henry Santana,"[1215, 1216, 1217, 1218, 1219, 1220, 1221, 1222, 1223, 1224, 1225, 1226]"
Z2lkOi8vYmFsbG90LWZhY3RvcnkvQ2FuZGlkYWN5LzEwODE2MTE=,Ruthzee Louijeune,"[1227, 1228, 1229, 1230, 1231, 1232, 1233, 1234, 1235, 1236]"
Z2lkOi8vYmFsbG90LWZhY3RvcnkvQ2FuZGlkYWN5LzEwODE2MTI=,Julia Mejia,"[1237, 1238, 1239, 1240]"
Z2lkOi8vYmFsbG90LWZhY3RvcnkvQ2FuZGlkYWN5LzEwODE2MTM=,Frank Baker,[1241]
Z2lkOi8vYmFsbG90LWZhY3RvcnkvQ2FuZGlkYWN5LzEwODE2MTQ=,Alexandra E. Valdez,"[1242, 1243, 1244, 1245, 1246, 1247, 1248, 1249]"
Z2lkOi8vYmFsbG90LWZhY3RvcnkvQ2FuZGlkYWN5LzEwODE2MTU=,Will Onuoha,"[1250, 1251, 1252, 1253, 1254, 1255, 1256]"
Z2lkOi8vYmFsbG90LWZhY3RvcnkvQ2FuZGlkYWN5LzEwODE2MTY=,Marvin Dee Mathelier,"[1257, 1258, 1259, 1260, 1261, 1262, 1263, 1264]"
Z2lkOi8vYmFsbG90LWZhY3RvcnkvQ2FuZGlkYWN5LzEwODE2MDk=,Erin J. Murphy,"[1265, 1266, 1267, 1268, 1269, 1270, 1271, 1272, 1273]"
Z2lkOi8vYmFsbG90LWZhY3RvcnkvQ2FuZGlkYWN5LzEwNzY2ODQ=,Ziqiang Yuan,"[1274, 1275, 1276, 1277, 1278]"
Z2lkOi8vYmFsbG90LWZhY3RvcnkvQ2FuZGlkYWN5LzEwNzY2ODU=,Andrew N. Pham,"[1279, 1280, 1281, 1282, 1283, 1284, 1285]"
Z2lkOi8vYmFsbG90LWZhY3RvcnkvQ2FuZGlkYWN5LzEwNzY2ODY=,Herbert Shaughnessy III,"[1286, 1287, 1288, 1289, 1290, 1291, 1292, 1293, 1294, 1295, 1296, 1297]"
Z2lkOi8vYmFsbG90LWZhY3RvcnkvQ2FuZGlkYWN5LzEwNzY3MTk=,Owura-Kwaku Sarkodieh,"[1298, 1299, 1300, 1301, 1302, 1303, 1304, 1305, 1306, 1307]"
Z2lkOi8vYmFsbG90LWZhY3RvcnkvQ2FuZGlkYWN5LzEwNzY3MjA=,Khrystian E. King,"[1308, 1309, 1310, 1311, 1312]"
Z2lkOi8vYmFsbG90LWZhY3RvcnkvQ2FuZGlkYWN5LzEwNzY3MTM=,Jermoh Kamara,"[1313, 1314, 1315, 1316, 1317]"
Z2lkOi8vYmFsbG90LWZhY3RvcnkvQ2FuZGlkYWN5LzEwNzY3MTQ=,Donna M. Colorio,[1318]
Z2lkOi8vYmFsbG90LWZhY3RvcnkvQ2FuZGlkYWN5LzEwNzY3MDk=,Cayden Davis,"[1319, 1320, 1321, 1322, 1323, 1324, 1325, 1326, 1327, 1328, 1329, 1330, 1331]"
Z2lkOi8vYmFsbG90LWZhY3RvcnkvQ2FuZGlkYWN5LzEwNzY3MTA=,Jessica R. Pepple,"[1332, 1333, 1334, 1335, 1336, 1337]"
Z2lkOi8vYmFsbG90LWZhY3RvcnkvQ2FuZGlkYWN5LzExMDE4OTk=,Shaun Mulvey,"[1338, 1339]"
Z2lkOi8vYmFsbG90LWZhY3RvcnkvQ2FuZGlkYWN5LzExMDE5MDA=,Devin B. Byrnes,"[1340, 1341]"
Z2lkOi8vYmFsbG90LWZhY3RvcnkvQ2FuZGlkYWN5LzExMDE5MDI=,Jennifer Arruda,"[1342, 1343]"
Z2lkOi8vYmFsbG90LWZhY3RvcnkvQ2FuZGlkYWN5LzExMDE5MDE=,James Roy,"[1344, 1345, 1346, 1347, 1348, 1349, 1350]"
Z2lkOi8vYmFsbG90LWZhY3RvcnkvQ2FuZGlkYWN5LzEwOTc4MjU=,Evan James Francis,"[1351, 1352, 1353, 1354, 1355, 1356, 1357, 1358, 1359, 1360, 1361]"
Z2lkOi8vYmFsbG90LWZhY3RvcnkvQ2FuZGlkYWN5LzEwOTc4Mjk=,Colleen Simmons,"[1362, 1363, 1364]"
Z2lkOi8vYmFsbG90LWZhY3RvcnkvQ2FuZGlkYWN5LzEwOTc4MzE=,Phillip E. Duarte,"[1365, 1366, 1367, 1368, 1369, 1370, 1371, 1372, 1373, 1374, 1375, 1376, 1377, 1378, 1379, 1380, 1381, 1382, 1383, 1384, 1385, 1386]"
Z2lkOi8vYmFsbG90LWZhY3RvcnkvQ2FuZGlkYWN5LzEwOTMyNjI=,Karen Colon Hayes,"[1387, 1388, 1389, 1390, 1391, 1392, 1393, 1394]"
Z2lkOi8vYmFsbG90LWZhY3RvcnkvQ2FuZGlkYWN5LzEwOTMyNjM=,Carey McDonald,"[1395, 1396, 1397, 1398, 1399, 1400, 1401]"
Z2lkOi8vYmFsbG90LWZhY3RvcnkvQ2FuZGlkYWN5LzEwOTMyNjY=,Solomon Davidoff,"[1402, 1403]"
Z2lkOi8vYmFsbG90LWZhY3RvcnkvQ2FuZGlkYWN5LzEwOTMyNjc=,Michelle A. Luong,"[1404, 1405, 1406, 1407, 1408, 1409, 1410, 1411, 1412, 1413, 1414, 1415, 1416, 1417]"
Z2lkOi8vYmFsbG90LWZhY3RvcnkvQ2FuZGlkYWN5LzEwODc5ODQ=,Justin Tseng,"[1418, 1419, 1420, 1421, 1422, 1423, 1424, 1425, 1426, 1427, 1428, 1429, 1430, 1431, 1432, 1433, 1434, 1435, 1436, 1437, 1438, 1439, 1440, 1441, 1442, 1443]"
Z2lkOi8vYmFsbG90LWZhY3RvcnkvQ2FuZGlkYWN5LzEwODc5ODU=,Paul J. Donato Jr.,"[1444, 1445, 1446, 1447, 1448]"
Z2lkOi8vYmFsbG90LWZhY3RvcnkvQ2FuZGlkYWN5LzEwODc5ODY=,Liz Mullane,"[1449, 1450, 1451, 1452, 1453, 1454, 1455, 1456, 1457, 1458, 1459, 1460, 1461, 1462, 1463, 1464, 1465]"
Z2lkOi8vYmFsbG90LWZhY3RvcnkvQ2FuZGlkYWN5LzEwODc5ODg=,"Isaac ""Zac"" B. Bears","[1466, 1467]"
Z2lkOi8vYmFsbG90LWZhY3RvcnkvQ2FuZGlkYWN5LzEwODc5OTE=,Emily Kaye Lazzaro,"[1468, 1469, 1470, 1471, 1472, 1473]"
Z2lkOi8vYmFsbG90LWZhY3RvcnkvQ2FuZGlkYWN5LzEwODc5OTM=,Matt Leming,"[1474, 1475, 1476, 1477, 1478, 1479, 1480, 1481, 1482, 1483, 1484, 1485, 1486, 1487, 1488, 1489, 1490, 1491, 1492, 1493, 1494]"
Z2lkOi8vYmFsbG90LWZhY3RvcnkvQ2FuZGlkYWN5LzEwODc5OTQ=,Nicholas G. Giurleo,"[1495, 1496, 1497, 1498, 1499, 1500, 1501, 1502, 1503, 1504, 1505, 1506, 1507, 1508, 1509, 1510, 1511, 1512, 1513, 1514, 1515, 1516, 1517, 1518, 1519, 1520, 1521]"
Z2lkOi8vYmFsbG90LWZhY3RvcnkvQ2FuZGlkYWN5LzEwODc5OTU=,Miranda Briseno,"[1522, 1523, 1524, 1525, 1526, 1527, 1528, 1529, 1530, 1531, 1532, 1533, 1534]"
Z2lkOi8vYmFsbG90LWZhY3RvcnkvQ2FuZGlkYWN5LzEwODc5ODk=,Anna Callahan,"[1535, 1536, 1537, 1538, 1539, 1540, 1541, 1542, 1543, 1544, 1545, 1546, 1547, 1548, 1549, 1550, 1551, 1552, 1553, 1554, 1555, 1556, 1557, 1558, 1559]"
Z2lkOi8vYmFsbG90LWZhY3RvcnkvQ2FuZGlkYWN5LzEwODc5ODM=,Charles Patrick Clerkin,"[1560, 1561, 1562, 1563, 1564]"
Z2lkOi8vYmFsbG90LWZhY3RvcnkvQ2FuZGlkYWN5LzEwODc5OTA=,Melanie Tringali,"[1565, 1566, 1567, 1568, 1569]"
Z2lkOi8vYmFsbG90LWZhY3RvcnkvQ2FuZGlkYWN5LzEwODk1MDE=,Tarik Lucas,"[1570, 1571]"
Z2lkOi8vYmFsbG90LWZhY3RvcnkvQ2FuZGlkYWN5LzEwODk1MDI=,Susan Albright,"[1572, 1573, 1574, 1575, 1576, 1577, 1578, 1579]"
Z2lkOi8vYmFsbG90LWZhY3RvcnkvQ2FuZGlkYWN5LzEwODk1MTY=,Cyrus Dahamubed,"[1580, 1581, 1582, 1583]"
Z2lkOi8vYmFsbG90LWZhY3RvcnkvQ2FuZGlkYWN5LzEwODk1MTc=,John Chaimanis,"[1584, 1585, 1586]"
Z2lkOi8vYmFsbG90LWZhY3RvcnkvQ2FuZGlkYWN5LzEwODk1MzU=,Lisa Rachelle Teusch Gordon,"[1587, 1588, 1589, 1590, 1591, 1592, 1593, 1594, 1595, 1596]"
Z2lkOi8vYmFsbG90LWZhY3RvcnkvQ2FuZGlkYWN5LzEwODk1Mzc=,Sean ND Roche,"[1597, 1598, 1599, 1600, 1601, 1602, 1603, 1604, 1605, 1606]"
Z2lkOi8vYmFsbG90LWZhY3RvcnkvQ2FuZGlkYWN5LzEwODk1NDY=,David Kalis,"[1607, 1608, 1609]"
Z2lkOi8vYmFsbG90LWZhY3RvcnkvQ2FuZGlkYWN5LzEwODk1NDc=,Jacob Silber,"[1610, 1611, 1612, 1613]"
Z2lkOi8vYmFsbG90LWZhY3RvcnkvQ2FuZGlkYWN5LzEwODgwMDg=,"Jacob ""Jake"" D. Wilson","[1614, 1615, 1616, 1617, 1618, 1619, 1620, 1621, 1622, 1623, 1624, 1625, 1626, 1627, 1628, 1629]"
Z2lkOi8vYmFsbG90LWZhY3RvcnkvQ2FuZGlkYWN5LzEwODgwMDc=,Willie Burnley Jr.,"[1630, 1631, 1632, 1633, 1634, 1635, 1636, 1637, 1638, 1639, 1640, 1641, 1642, 1643, 1644]"
Z2lkOi8vYmFsbG90LWZhY3RvcnkvQ2FuZGlkYWN5LzEwODgwMzM=,Scott Istvan,"[1645, 1646, 1647, 1648]"
Z2lkOi8vYmFsbG90LWZhY3RvcnkvQ2FuZGlkYWN5LzEwODgwMzE=,Marianne Walles,"[1649, 1650, 1651, 1652, 1653, 1654, 1655]"
Z2lkOi8vYmFsbG90LWZhY3RvcnkvQ2FuZGlkYWN5LzEwODgwMjk=,"Wilfred ""Will"" N. Mbah","[1656, 1657, 1658, 1659, 1660, 1661, 1662, 1663, 1664, 1665, 1666, 1667, 1668, 1669, 1670, 1671, 1672]"
Z2lkOi8vYmFsbG90LWZhY3RvcnkvQ2FuZGlkYWN5LzEwODgwMzI=,Kristen Strezo,"[1673, 1674, 1675, 1676, 1677, 1678, 1679, 1680, 1681, 1682, 1683, 1684, 1685, 1686, 1687, 1688]"
Z2lkOi8vYmFsbG90LWZhY3RvcnkvQ2FuZGlkYWN5LzEwODgwMzQ=,Holly Simione,"[1689, 1690, 1691]"
Z2lkOi8vYmFsbG90LWZhY3RvcnkvQ2FuZGlkYWN5LzEwODgwMzU=,Jonathan Link,"[1692, 1693, 1694, 1695, 1696, 1697, 1698, 1699, 1700]"
Z2lkOi8vYmFsbG90LWZhY3RvcnkvQ2FuZGlkYWN5LzEwODgwMzY=,Ben Wheeler,"[1701, 1702, 1703, 1704, 1705, 1706, 1707]"
Z2lkOi8vYmFsbG90LWZhY3RvcnkvQ2FuZGlkYWN5LzEwOTYwMjA=,Naima Sait,"[1708, 1709, 1710, 1711, 1712, 1713, 1714, 1715, 1716, 1717]"
Z2lkOi8vYmFsbG90LWZhY3RvcnkvQ2FuZGlkYWN5LzEwOTYwMjE=,Jason M. Mackey,"[1718, 1719, 1720, 1721, 1722, 1723, 1724, 1725, 1726, 1727, 1728, 1729, 1730, 1731, 1732, 1733, 1734, 1735]"
Z2lkOi8vYmFsbG90LWZhY3RvcnkvQ2FuZGlkYWN5LzEwODgwMzc=,Emily E. Hardt,"[1736, 1737, 1738, 1739, 1740, 1741, 1742, 1743, 1744, 1745, 1746]"
Z2lkOi8vYmFsbG90LWZhY3RvcnkvQ2FuZGlkYWN5LzEwODgwMzg=,Wilbert Pineda,"[1747, 1748, 1749, 1750, 1751, 1752, 1753, 1754, 1755, 1756, 1757, 1758, 1759]"
Z2lkOi8vYmFsbG90LWZhY3RvcnkvQ2FuZGlkYWN5LzEwODUzNjc=,Tim King,"[1760, 1761, 1762, 1763, 1764]"
Z2lkOi8vYmFsbG90LWZhY3RvcnkvQ2FuZGlkYWN5LzEwODUzNjg=,Emma Tzioumis,"[1765, 1766, 1767, 1768, 1769, 1770, 1771, 1772, 1773, 1774]"
Z2lkOi8vYmFsbG90LWZhY3RvcnkvQ2FuZGlkYWN5LzEwODUzNjA=,Colleen M. Bradley-MacArthur,"[1775, 1776, 1777, 1778, 1779, 1780, 1781, 1782, 1783]"
Z2lkOi8vYmFsbG90LWZhY3RvcnkvQ2FuZGlkYWN5LzEwODUzNjI=,Randy LeBlanc,"[1784, 1785, 1786, 1787, 1788, 1789]"
Z2lkOi8vYmFsbG90LWZhY3RvcnkvQ2FuZGlkYWN5LzEwODUzNjQ=,Carlos A. Vidal,"[1790, 1791]"
Z2lkOi8vYmFsbG90LWZhY3RvcnkvQ2FuZGlkYWN5LzEwODUzNjU=,Christina Curtin,"[1792, 1793, 1794, 1795, 1796]"
Z2lkOi8vYmFsbG90LWZhY3RvcnkvQ2FuZGlkYWN5LzEwODczNDI=,Winston Pierre,"[1797, 1798, 1799, 1800, 1801, 1802, 1803, 1804, 1805, 1806, 1807, 1808, 1809, 1810, 1811, 1812, 1813, 1814]"
Z2lkOi8vYmFsbG90LWZhY3RvcnkvQ2FuZGlkYWN5LzEwODE1OTg=,Enrique Pepen,"[1815, 1816, 1817, 1818, 1819, 1820, 1821, 1822, 1823, 1824, 1825, 1826, 1827, 1828, 1829, 1830, 1831, 1832]"
Z2lkOi8vYmFsbG90LWZhY3RvcnkvQ2FuZGlkYWN5LzEwODE2MTk=,Said Coach Ahmed,"[1833, 1834, 1835, 1836, 1837, 1838, 1839, 1840, 1841, 1842]"
Z2lkOi8vYmFsbG90LWZhY3RvcnkvQ2FuZGlkYWN5LzEwODE2MjA=,Miniard Culpepper,"[1843, 1844, 1845, 1846, 1847, 1848, 1849, 1850, 1851]"
Z2lkOi8vYmFsbG90LWZhY3RvcnkvQ2FuZGlkYWN5LzEwODc3NzE=,Jose Delgado,"[1852, 1853, 1854, 1855, 1856, 1857, 1858, 1859, 1860]"
Z2lkOi8vYmFsbG90LWZhY3RvcnkvQ2FuZGlkYWN5LzEwODc3NzI=,Juan Francisco Latorre III,"[1861, 1862, 1863, 1864, 1865, 1866, 1867, 1868, 1869]"
Z2lkOi8vYmFsbG90LWZhY3RvcnkvQ2FuZGlkYWN5LzEwODc3Nzg=,Justin J. Hurst,"[1870, 1871]"
Z2lkOi8vYmFsbG90LWZhY3RvcnkvQ2FuZGlkYWN5LzEwODg3NTg=,Jeffery Charnel,"[1872, 1873]"
Z2lkOi8vYmFsbG90LWZhY3RvcnkvQ2FuZGlkYWN5LzEwODg3NTc=,Winthrop H. Farwell Jr.,"[1874, 1875, 1876, 1877]"
Z2lkOi8vYmFsbG90LWZhY3RvcnkvQ2FuZGlkYWN5LzEwODY1NTU=,Thomas J. Sullivan,"[1878, 1879, 1880, 1881, 1882, 1883, 1884]"
Z2lkOi8vYmFsbG90LWZhY3RvcnkvQ2FuZGlkYWN5LzEwODY1NTY=,Michael Morales,"[1885, 1886, 1887, 1888, 1889, 1890, 1891]"
Z2lkOi8vYmFsbG90LWZhY3RvcnkvQ2FuZGlkYWN5LzEwODc4NDM=,John Rigal,"[1892, 1893, 1894, 1895]"
Z2lkOi8vYmFsbG90LWZhY3RvcnkvQ2FuZGlkYWN5LzEwODc4NDI=,Frederick Diaz,"[1896, 1897, 1898, 1899, 1900, 1901]"
Z2lkOi8vYmFsbG90LWZhY3RvcnkvQ2FuZGlkYWN5LzEwNzY2NDY=,Jean Fana,"[1902, 1903, 1904, 1905, 1906, 1907, 1908, 1909, 1910, 1911, 1912, 1913, 1914, 1915, 1916, 1917, 1918, 1919]"
Z2lkOi8vYmFsbG90LWZhY3RvcnkvQ2FuZGlkYWN5LzEwNzY2NDM=,Nicole McClain,"[1920, 1921, 1922, 1923, 1924, 1925, 1926, 1927, 1928, 1929, 1930, 1931]"
Z2lkOi8vYmFsbG90LWZhY3RvcnkvQ2FuZGlkYWN5LzEwNzY2NDU=,Hong L. Net,"[1932, 1933, 1934, 1935, 1936, 1937, 1938, 1939, 1940]"
Z2lkOi8vYmFsbG90LWZhY3RvcnkvQ2FuZGlkYWN5LzEwODc4NzI=,John Drew,"[1941, 1942, 1943]"
Z2lkOi8vYmFsbG90LWZhY3RvcnkvQ2FuZGlkYWN5LzEwODc4NzY=,James Sarcione,"[1944, 1945, 1946, 1947, 1948, 1949, 1950, 1951, 1952, 1953]"
Z2lkOi8vYmFsbG90LWZhY3RvcnkvQ2FuZGlkYWN5LzEwODU5ODY=,Jarrod M. Hochman,"[1954, 1955, 1956, 1957]"
Z2lkOi8vYmFsbG90LWZhY3RvcnkvQ2FuZGlkYWN5LzEwODU5ODc=,Tristan R. Brown,"[1958, 1959, 1960]"
Z2lkOi8vYmFsbG90LWZhY3RvcnkvQ2FuZGlkYWN5LzEwODU5OTA=,Jaclyn Corriveau,"[1961, 1962, 1963]"
Z2lkOi8vYmFsbG90LWZhY3RvcnkvQ2FuZGlkYWN5LzEwODk1NjE=,K. Garrett Miller,"[1964, 1965, 1966, 1967, 1968, 1969, 1970, 1971]"
Z2lkOi8vYmFsbG90LWZhY3RvcnkvQ2FuZGlkYWN5LzEwODk1NjI=,Julie T. Irish,[1972]
Z2lkOi8vYmFsbG90LWZhY3RvcnkvQ2FuZGlkYWN5LzEwOTA1MzM=,Brandon Ward,"[1973, 1974, 1975, 1976, 1977, 1978, 1979]"
Z2lkOi8vYmFsbG90LWZhY3RvcnkvQ2FuZGlkYWN5LzEwOTA1MzQ=,Carol J. Spack,"[1980, 1981]"
Z2lkOi8vYmFsbG90LWZhY3RvcnkvQ2FuZGlkYWN5LzEwOTA1OTU=,Mary Kate Feeney,"[1982, 1983, 1984, 1985, 1986, 1987, 1988, 1989, 1990, 1991, 1992, 1993, 1994, 1995]"
Z2lkOi8vYmFsbG90LWZhY3RvcnkvQ2FuZGlkYWN5LzEwOTA1OTY=,Kenneth Weiss,"[1996, 1997, 1998, 1999]"
Z2lkOi8vYmFsbG90LWZhY3RvcnkvQ2FuZGlkYWN5LzEwODQyNzM=,Sixto DeJesus,"[2000, 2001, 2002, 2003, 2004]"
Z2lkOi8vYmFsbG90LWZhY3RvcnkvQ2FuZGlkYWN5LzEwODQyNzc=,Vesna Nuon,"[2005, 2006, 2007, 2008, 2009]"
Z2lkOi8vYmFsbG90LWZhY3RvcnkvQ2FuZGlkYWN5LzEwNDA2MjA=,Kim Salinetro,"[2010, 2011, 2012, 2013, 2014, 2015, 2016, 2017, 2018]"
Z2lkOi8vYmFsbG90LWZhY3RvcnkvQ2FuZGlkYWN5LzEwNDA2MjE=,Erin Koper,"[2019, 2020, 2021, 2022, 2023, 2024, 2025, 2026]"
Z2lkOi8vYmFsbG90LWZhY3RvcnkvQ2FuZGlkYWN5LzEwNDA2NDM=,Corey O'Connor,"[2027, 2028, 2029, 2030, 2031, 2032, 2033, 2034, 2035, 2036, 2037, 2038, 2039, 2040, 2041, 2042, 2043, 2044, 2045, 2046, 2047, 2048, 2049, 2050, 2051]"
Z2lkOi8vYmFsbG90LWZhY3RvcnkvQ2FuZGlkYWN5LzEwNDA2NDQ=,Tony Moreno,"[2052, 2053, 2054, 2055]"
Z2lkOi8vYmFsbG90LWZhY3RvcnkvQ2FuZGlkYWN5LzEwNDA0MzU=,Wanda R.D. Williams,"[2056, 2057]"
Z2lkOi8vYmFsbG90LWZhY3RvcnkvQ2FuZGlkYWN5LzEwNjQzNzE=,Dan Miller,"[2058, 2059, 2060, 2061, 2062, 2063, 2064, 2065, 2066, 2067, 2068, 2069, 2070, 2071, 2072, 2073, 2074, 2075]"
Z2lkOi8vYmFsbG90LWZhY3RvcnkvQ2FuZGlkYWN5LzEwNDAyOTI=,Ahmed Ahmed,[2076]
Z2lkOi8vYmFsbG90LWZhY3RvcnkvQ2FuZGlkYWN5LzEwNDAyOTM=,Amos Stoltzfus,"[2077, 2078, 2079, 2080, 2081, 2082]"
Z2lkOi8vYmFsbG90LWZhY3RvcnkvQ2FuZGlkYWN5LzEwNDAyOTQ=,Marshall Miller,"[2083, 2084, 2085]"
Z2lkOi8vYmFsbG90LWZhY3RvcnkvQ2FuZGlkYWN5LzEwNTI3MDg=,Cristian Pungo,"[2086, 2087, 2088, 2089, 2090, 2091, 2092, 2093, 2094, 2095, 2096, 2097, 2098]"
Z2lkOi8vYmFsbG90LWZhY3RvcnkvQ2FuZGlkYWN5LzEwNTI3MTA=,Jeremy Binder,[2099]
Z2lkOi8vYmFsbG90LWZhY3RvcnkvQ2FuZGlkYWN5LzEwODY2MDk=,Virgil Argenta,"[2100, 2101, 2102, 2103, 2104, 2105, 2106, 2107]"
Z2lkOi8vYmFsbG90LWZhY3RvcnkvQ2FuZGlkYWN5LzEwODY2MTA=,Gerald Smurl,"[2108, 2109, 2110, 2111, 2112, 2113]"
Z2lkOi8vYmFsbG90LWZhY3RvcnkvQ2FuZGlkYWN5LzEwNDUwMjc=,Anita Fay,"[2114, 2115]"
Z2lkOi8vYmFsbG90LWZhY3RvcnkvQ2FuZGlkYWN5LzEwNDUwMjM=,"Maurice ""Mo"" Troop",[2116]
Z2lkOi8vYmFsbG90LWZhY3RvcnkvQ2FuZGlkYWN5LzEwNDUwMjQ=,Tina Hiotis,[2117]
Z2lkOi8vYmFsbG90LWZhY3RvcnkvQ2FuZGlkYWN5LzEwNDE3MDk=,Quita Bridges,"[2118, 2119, 2120]"
Z2lkOi8vYmFsbG90LWZhY3RvcnkvQ2FuZGlkYWN5LzEwNDE3MTE=,Anthony DeLuca,"[2121, 2122]"
Z2lkOi8vYmFsbG90LWZhY3RvcnkvQ2FuZGlkYWN5LzEwNDE3MTI=,Amanda Green-Hawkins,[2123]
Z2lkOi8vYmFsbG90LWZhY3RvcnkvQ2FuZGlkYWN5LzEwNDE3MTY=,Matthew V. Rudzki,"[2124, 2125]"
Z2lkOi8vYmFsbG90LWZhY3RvcnkvQ2FuZGlkYWN5LzEwNjQ1ODU=,Matthew Wolford,"[2126, 2127, 2128]"
Z2lkOi8vYmFsbG90LWZhY3RvcnkvQ2FuZGlkYWN5LzEwNjQ1ODQ=,Stella Tsai,"[2129, 2130, 2131]"
Z2lkOi8vYmFsbG90LWZhY3RvcnkvQ2FuZGlkYWN5LzEwNDE3MzA=,Kathryn Lehman,[2132]
Z2lkOi8vYmFsbG90LWZhY3RvcnkvQ2FuZGlkYWN5LzEwNDE3MzE=,Eric J. Taylor,[2133]
Z2lkOi8vYmFsbG90LWZhY3RvcnkvQ2FuZGlkYWN5LzEwNDEzMDk=,Dawn DiDonato Burke,"[2134, 2135]"
Z2lkOi8vYmFsbG90LWZhY3RvcnkvQ2FuZGlkYWN5LzEwNDEzMTQ=,Amy Fitzpatrick,"[2136, 2137]"
Z2lkOi8vYmFsbG90LWZhY3RvcnkvQ2FuZGlkYWN5LzEwNDE2NTE=,Ryan P. Sayers,[2138]
Z2lkOi8vYmFsbG90LWZhY3RvcnkvQ2FuZGlkYWN5LzEwNDE2NTA=,Josh Maines,[2139]
Z2lkOi8vYmFsbG90LWZhY3RvcnkvQ2FuZGlkYWN5LzEwNDEyOTY=,"William ""Bill"" Flannery","[2140, 2141]"
Z2lkOi8vYmFsbG90LWZhY3RvcnkvQ2FuZGlkYWN5LzEwNDEyOTM=,Bradley G. Olson Jr.,[2142]
Z2lkOi8vYmFsbG90LWZhY3RvcnkvQ2FuZGlkYWN5LzEwNDEyOTc=,James W. Manolis,[2143]
Z2lkOi8vYmFsbG90LWZhY3RvcnkvQ2FuZGlkYWN5LzEwNDA1NDM=,Alexander J. Marek,"[2144, 2145, 2146, 2147, 2148, 2149, 2150, 2151]"
Z2lkOi8vYmFsbG90LWZhY3RvcnkvQ2FuZGlkYWN5LzEwNDA1NDU=,Kelly Lombardo,[2152]
Z2lkOi8vYmFsbG90LWZhY3RvcnkvQ2FuZGlkYWN5LzEwNDA1NDY=,Janet Jackson,"[2153, 2154]"
Z2lkOi8vYmFsbG90LWZhY3RvcnkvQ2FuZGlkYWN5LzEwNDA1NTM=,Raymond McGarry,[2155]
Z2lkOi8vYmFsbG90LWZhY3RvcnkvQ2FuZGlkYWN5LzEwNDA1NTQ=,Mary C. Pugh,"[2156, 2157]"
Z2lkOi8vYmFsbG90LWZhY3RvcnkvQ2FuZGlkYWN5LzEwNDA2MzA=,Kia Ghee,"[2158, 2159, 2160]"
Z2lkOi8vYmFsbG90LWZhY3RvcnkvQ2FuZGlkYWN5LzEwNDA2MzI=,Deborah Watson-Stokes,"[2161, 2162]"
Z2lkOi8vYmFsbG90LWZhY3RvcnkvQ2FuZGlkYWN5LzEwNDA2MzM=,Sarah Jones,[2163]
Z2lkOi8vYmFsbG90LWZhY3RvcnkvQ2FuZGlkYWN5LzEwNDA2MzQ=,Will Braveman,"[2164, 2165, 2166, 2167, 2168, 2169]"
Z2lkOi8vYmFsbG90LWZhY3RvcnkvQ2FuZGlkYWN5LzEwNDA2MzU=,Leon A. King II,"[2170, 2171]"
Z2lkOi8vYmFsbG90LWZhY3RvcnkvQ2FuZGlkYWN5LzEwNDA2MzY=,Larry Farnese,"[2172, 2173, 2174, 2175, 2176]"
Z2lkOi8vYmFsbG90LWZhY3RvcnkvQ2FuZGlkYWN5LzEwNDA2Mzc=,Brian Kisielewski,"[2177, 2178, 2179]"
Z2lkOi8vYmFsbG90LWZhY3RvcnkvQ2FuZGlkYWN5LzEwNDA2Mzg=,Irina Ehrlich,[2180]
Z2lkOi8vYmFsbG90LWZhY3RvcnkvQ2FuZGlkYWN5LzEwODY5NTI=,Joseph J. Russo,[2181]
Z2lkOi8vYmFsbG90LWZhY3RvcnkvQ2FuZGlkYWN5LzEwODY5NTc=,Jennifer A. Santiago,[2182]
Z2lkOi8vYmFsbG90LWZhY3RvcnkvQ2FuZGlkYWN5LzEwNTU1NjA=,Wendy K. Sigley,"[2183, 2184]"
Z2lkOi8vYmFsbG90LWZhY3RvcnkvQ2FuZGlkYWN5LzEwNTU1NTk=,Adele Y. McClure,"[2185, 2186, 2187, 2188, 2189, 2190, 2191, 2192, 2193]"
Z2lkOi8vYmFsbG90LWZhY3RvcnkvQ2FuZGlkYWN5LzEwNTU1NjM=,"Richard ""Rip"" C. Sullivan Jr.","[2194, 2195, 2196]"
Z2lkOi8vYmFsbG90LWZhY3RvcnkvQ2FuZGlkYWN5LzEwNTU1NjQ=,Kristin L. Hoffman,"[2197, 2198, 2199, 2200]"
Z2lkOi8vYmFsbG90LWZhY3RvcnkvQ2FuZGlkYWN5LzEwNTU1NjY=,Karen A. Keys-Gamarra,"[2201, 2202, 2203, 2204, 2205, 2206, 2207, 2208, 2209, 2210, 2211, 2212, 2213, 2214, 2215, 2216, 2217, 2218, 2219, 2220, 2221, 2222, 2223, 2224, 2225, 2226, 2227, 2228, 2229]"
Z2lkOi8vYmFsbG90LWZhY3RvcnkvQ2FuZGlkYWN5LzEwNTU1Njc=,Cassandra R. Aucoin,"[2230, 2231, 2232, 2233]"
Z2lkOi8vYmFsbG90LWZhY3RvcnkvQ2FuZGlkYWN5LzEwNTU1Njk=,Nhan C. Huynh,"[2234, 2235, 2236, 2237, 2238, 2239, 2240]"
Z2lkOi8vYmFsbG90LWZhY3RvcnkvQ2FuZGlkYWN5LzEwNTU1Njg=,Karrie K. Delaney,"[2241, 2242, 2243, 2244, 2245]"
Z2lkOi8vYmFsbG90LWZhY3RvcnkvQ2FuZGlkYWN5LzEwNTYxMTg=,David L. Bulova,"[2246, 2247, 2248, 2249, 2250, 2251, 2252, 2253, 2254, 2255, 2256, 2257, 2258]"
Z2lkOi8vYmFsbG90LWZhY3RvcnkvQ2FuZGlkYWN5LzEwNTYxMjA=,Brandon N. Givens,"[2259, 2260, 2261]"
Z2lkOi8vYmFsbG90LWZhY3RvcnkvQ2FuZGlkYWN5LzEwNTU1ODI=,Vivian E. Watts,"[2262, 2263, 2264, 2265, 2266, 2267, 2268]"
Z2lkOi8vYmFsbG90LWZhY3RvcnkvQ2FuZGlkYWN5LzEwNTU1ODM=,Eric Johnson,"[2269, 2270, 2271]"
Z2lkOi8vYmFsbG90LWZhY3RvcnkvQ2FuZGlkYWN5LzEwNTU1MTY=,Saundra T. Davis,"[2272, 2273, 2274, 2275]"
Z2lkOi8vYmFsbG90LWZhY3RvcnkvQ2FuZGlkYWN5LzEwNTU1MTU=,Laura Jane H. Cohen,"[2276, 2277, 2278, 2279, 2280, 2281, 2282, 2283, 2284, 2285, 2286, 2287, 2288]"
Z2lkOi8vYmFsbG90LWZhY3RvcnkvQ2FuZGlkYWN5LzEwNTU2MDA=,Atoosa R. Reaser,[2289]
Z2lkOi8vYmFsbG90LWZhY3RvcnkvQ2FuZGlkYWN5LzEwNTU2MDE=,Junaid Khan,"[2290, 2291, 2292, 2293, 2294, 2295]"
Z2lkOi8vYmFsbG90LWZhY3RvcnkvQ2FuZGlkYWN5LzEwNTU2MDY=,J. Shane Boswell,"[2296, 2297, 2298, 2299, 2300, 2301, 2302, 2303, 2304, 2305]"
Z2lkOi8vYmFsbG90LWZhY3RvcnkvQ2FuZGlkYWN5LzEwNTU2MDc=,Delores R. Oates,"[2306, 2307, 2308, 2309, 2310, 2311, 2312, 2313, 2314]"
Z2lkOi8vYmFsbG90LWZhY3RvcnkvQ2FuZGlkYWN5LzEwNTU2MDg=,Jon Michael Lucci,"[2315, 2316, 2317, 2318, 2319]"
Z2lkOi8vYmFsbG90LWZhY3RvcnkvQ2FuZGlkYWN5LzEwNTU2MDk=,"William ""Bill"" D. Wiley","[2320, 2321, 2322, 2323, 2324]"
Z2lkOi8vYmFsbG90LWZhY3RvcnkvQ2FuZGlkYWN5LzEwNTU2MTM=,Tony O. Wilt,"[2325, 2326, 2327, 2328, 2329, 2330, 2331, 2332]"
Z2lkOi8vYmFsbG90LWZhY3RvcnkvQ2FuZGlkYWN5LzEwNTU2MTI=,Andrew D. Payton,"[2333, 2334, 2335, 2336, 2337, 2338]"
Z2lkOi8vYmFsbG90LWZhY3RvcnkvQ2FuZGlkYWN5LzEwNTU2MTQ=,Jena L. Crisler,"[2339, 2340, 2341, 2342, 2343, 2344]"
Z2lkOi8vYmFsbG90LWZhY3RvcnkvQ2FuZGlkYWN5LzEwNTU2MTU=,Chris S. Runion,"[2345, 2346, 2347, 2348, 2349]"
Z2lkOi8vYmFsbG90LWZhY3RvcnkvQ2FuZGlkYWN5LzEwNTU2MTY=,Makayla R. Venable,"[2350, 2351, 2352, 2353, 2354, 2355, 2356, 2357, 2358, 2359, 2360, 2361, 2362, 2363]"
Z2lkOi8vYmFsbG90LWZhY3RvcnkvQ2FuZGlkYWN5LzEwNTU2MTc=,Ellen H. Campbell,"[2364, 2365, 2366, 2367, 2368, 2369, 2370, 2371, 2372]"
Z2lkOi8vYmFsbG90LWZhY3RvcnkvQ2FuZGlkYWN5LzEwNTI2ODc=,Terry L. Austin,"[2373, 2374, 2375]"
Z2lkOi8vYmFsbG90LWZhY3RvcnkvQ2FuZGlkYWN5LzEwNTU1NDM=,Sharron A. Burgess,"[2376, 2377, 2378]"
Z2lkOi8vYmFsbG90LWZhY3RvcnkvQ2FuZGlkYWN5LzEwNTU2MTk=,Maynard L. Keller Jr.,[2379]
Z2lkOi8vYmFsbG90LWZhY3RvcnkvQ2FuZGlkYWN5LzEwNTU2MTg=,"S. ""Sam"" Rasoul","[2380, 2381, 2382, 2383, 2384, 2385, 2386]"
Z2lkOi8vYmFsbG90LWZhY3RvcnkvQ2FuZGlkYWN5LzEwNTI2ODg=,Donna M. Littlepage,"[2387, 2388, 2389, 2390, 2391, 2392, 2393, 2394, 2395, 2396, 2397, 2398]"
Z2lkOi8vYmFsbG90LWZhY3RvcnkvQ2FuZGlkYWN5LzEwNTU1NDc=,"Joseph ""Joe"" P. McNamara",[2399]
Z2lkOi8vYmFsbG90LWZhY3RvcnkvQ2FuZGlkYWN5LzEwNTU2MjA=,Eric P. Klotz,"[2400, 2401, 2402, 2403, 2404]"
Z2lkOi8vYmFsbG90LWZhY3RvcnkvQ2FuZGlkYWN5LzEwNTU2MjE=,"William ""Will"" P. Davis","[2405, 2406, 2407, 2408, 2409, 2410, 2411, 2412, 2413, 2414, 2415]"
Z2lkOi8vYmFsbG90LWZhY3RvcnkvQ2FuZGlkYWN5LzEwNTU2MjI=,Lillian V. Franklin,"[2416, 2417, 2418, 2419, 2420, 2421]"
Z2lkOi8vYmFsbG90LWZhY3RvcnkvQ2FuZGlkYWN5LzEwNTU2MjQ=,"J. ""Chris"" Christian Obenshain","[2422, 2423, 2424, 2425, 2426, 2427, 2428, 2429, 2430, 2431]"
Z2lkOi8vYmFsbG90LWZhY3RvcnkvQ2FuZGlkYWN5LzEwNTU2MjY=,Jason S. Ballard,"[2432, 2433, 2434, 2435, 2436, 2437, 2438, 2439, 2440, 2441]"
Z2lkOi8vYmFsbG90LWZhY3RvcnkvQ2FuZGlkYWN5LzEwNTU2MjU=,Biko Agozino,"[2442, 2443, 2444, 2445, 2446, 2447, 2448, 2449]"
Z2lkOi8vYmFsbG90LWZhY3RvcnkvQ2FuZGlkYWN5LzEwNTU2MzM=,Wren M. Williams,"[2450, 2451, 2452, 2453, 2454, 2455]"
Z2lkOi8vYmFsbG90LWZhY3RvcnkvQ2FuZGlkYWN5LzEwNTU2MzI=,Yvonne M. Rorrer,"[2456, 2457]"
Z2lkOi8vYmFsbG90LWZhY3RvcnkvQ2FuZGlkYWN5LzEwNTU2MzQ=,"Melody ""Mel"" A. Cartwright","[2458, 2459, 2460, 2461, 2462, 2463, 2464]"
Z2lkOi8vYmFsbG90LWZhY3RvcnkvQ2FuZGlkYWN5LzEwNTU2MzU=,Eric J. Phillips,"[2465, 2466]"
Z2lkOi8vYmFsbG90LWZhY3RvcnkvQ2FuZGlkYWN5LzEwNTI2OTA=,Madison John Redd Whittle,"[2467, 2468, 2469, 2470, 2471, 2472, 2473]"
Z2lkOi8vYmFsbG90LWZhY3RvcnkvQ2FuZGlkYWN5LzEwNTI2OTE=,Gary P. Miller,"[2474, 2475, 2476, 2477, 2478, 2479, 2480, 2481, 2482, 2483, 2484, 2485, 2486, 2487, 2488]"
Z2lkOi8vYmFsbG90LWZhY3RvcnkvQ2FuZGlkYWN5LzEwNTU1MjU=,Wendell S. Walker,"[2489, 2490, 2491, 2492, 2493, 2494, 2495]"
Z2lkOi8vYmFsbG90LWZhY3RvcnkvQ2FuZGlkYWN5LzEwNTU1MjQ=,Rise Marie Hayes,"[2496, 2497, 2498]"
Z2lkOi8vYmFsbG90LWZhY3RvcnkvQ2FuZGlkYWN5LzEwNTU2Mzc=,Earnadette Powell Farrar,"[2499, 2500, 2501, 2502, 2503, 2504, 2505, 2506, 2507, 2508, 2509, 2510, 2511, 2512, 2513, 2514, 2515]"
Z2lkOi8vYmFsbG90LWZhY3RvcnkvQ2FuZGlkYWN5LzEwNTU2Mzk=,Trudy Bell Berry,"[2516, 2517, 2518, 2519]"
Z2lkOi8vYmFsbG90LWZhY3RvcnkvQ2FuZGlkYWN5LzEwNTU1MjM=,Eric R. Zehr,"[2520, 2521, 2522, 2523, 2524, 2525, 2526]"
Z2lkOi8vYmFsbG90LWZhY3RvcnkvQ2FuZGlkYWN5LzEwNTU1MjI=,Joy A. Powers,"[2527, 2528, 2529, 2530, 2531, 2532, 2533, 2534, 2535, 2536, 2537, 2538, 2539, 2540, 2541, 2542]"
Z2lkOi8vYmFsbG90LWZhY3RvcnkvQ2FuZGlkYWN5LzEwNTU1MjY=,"Samuel ""Sam"" R. Soghor","[2543, 2544, 2545, 2546]"
Z2lkOi8vYmFsbG90LWZhY3RvcnkvQ2FuZGlkYWN5LzEwNTU1Mjc=,Timothy P. Griffin,"[2547, 2548, 2549, 2550, 2551, 2552]"
Z2lkOi8vYmFsbG90LWZhY3RvcnkvQ2FuZGlkYWN5LzEwNTU1NTc=,David L. Owen,"[2553, 2554, 2555, 2556, 2557, 2558, 2559, 2560, 2561, 2562, 2563, 2564, 2565]"
Z2lkOi8vYmFsbG90LWZhY3RvcnkvQ2FuZGlkYWN5LzEwNTI2OTI=,May Nivar,"[2566, 2567, 2568, 2569, 2570, 2571, 2572, 2573]"
Z2lkOi8vYmFsbG90LWZhY3RvcnkvQ2FuZGlkYWN5LzEwNTU1Mjk=,Milad H. Mikhail,"[2574, 2575, 2576, 2577, 2578, 2579, 2580]"
Z2lkOi8vYmFsbG90LWZhY3RvcnkvQ2FuZGlkYWN5LzEwNTU1Mjg=,Rodney T. Willett,"[2581, 2582, 2583, 2584, 2585]"
Z2lkOi8vYmFsbG90LWZhY3RvcnkvQ2FuZGlkYWN5LzEwNTU2NDc=,Andrew J. Ward,"[2586, 2587, 2588, 2589, 2590, 2591, 2592, 2593, 2594, 2595, 2596]"
Z2lkOi8vYmFsbG90LWZhY3RvcnkvQ2FuZGlkYWN5LzEwNTU2NDg=,Scott A. Wyatt,"[2597, 2598, 2599, 2600, 2601]"
Z2lkOi8vYmFsbG90LWZhY3RvcnkvQ2FuZGlkYWN5LzEwNTU2NTI=,Phillip A. Scott,"[2602, 2603, 2604, 2605, 2606, 2607, 2608, 2609]"
Z2lkOi8vYmFsbG90LWZhY3RvcnkvQ2FuZGlkYWN5LzEwNTU2NTE=,Forrest J. Miller,"[2610, 2611, 2612, 2613, 2614, 2615, 2616]"
Z2lkOi8vYmFsbG90LWZhY3RvcnkvQ2FuZGlkYWN5LzEwNTI2OTM=,Karen F. Hamilton,"[2617, 2618, 2619, 2620, 2621, 2622, 2623]"
Z2lkOi8vYmFsbG90LWZhY3RvcnkvQ2FuZGlkYWN5LzEwNTU1MzA=,Sara H. Ratcliffe,"[2624, 2625, 2626, 2627, 2628, 2629, 2630, 2631, 2632, 2633, 2634, 2635, 2636, 2637, 2638, 2639, 2640, 2641, 2642]"
Z2lkOi8vYmFsbG90LWZhY3RvcnkvQ2FuZGlkYWN5LzEwNTU2NTU=,Joshua G. Cole,"[2643, 2644, 2645, 2646, 2647, 2648, 2649, 2650, 2651, 2652, 2653]"
Z2lkOi8vYmFsbG90LWZhY3RvcnkvQ2FuZGlkYWN5LzEwNTU2NTY=,Sean C. Steinway,"[2654, 2655, 2656, 2657]"
Z2lkOi8vYmFsbG90LWZhY3RvcnkvQ2FuZGlkYWN5LzEwNTU2NTQ=,Paul V. Milde III,"[2658, 2659, 2660, 2661, 2662, 2663, 2664, 2665]"
Z2lkOi8vYmFsbG90LWZhY3RvcnkvQ2FuZGlkYWN5LzEwNTU2NTM=,Stacey A. Carroll,"[2666, 2667, 2668, 2669]"
Z2lkOi8vYmFsbG90LWZhY3RvcnkvQ2FuZGlkYWN5LzEwNTU2NTc=,Nicole Tarlton Cole,"[2670, 2671, 2672, 2673, 2674]"
Z2lkOi8vYmFsbG90LWZhY3RvcnkvQ2FuZGlkYWN5LzEwNTU2NTg=,"Robert ""Bobby"" D. Orrock Sr.","[2675, 2676, 2677, 2678, 2679, 2680, 2681, 2682, 2683]"
Z2lkOi8vYmFsbG90LWZhY3RvcnkvQ2FuZGlkYWN5LzEwNTU2NjM=,W. Chad Green,"[2684, 2685, 2686, 2687, 2688, 2689]"
Z2lkOi8vYmFsbG90LWZhY3RvcnkvQ2FuZGlkYWN5LzEwNTU2NjQ=,Valerie D. Beverley,"[2690, 2691, 2692, 2693]"
Z2lkOi8vYmFsbG90LWZhY3RvcnkvQ2FuZGlkYWN5LzEwNTI2OTQ=,Cynthia M. Scaturico,"[2694, 2695, 2696, 2697, 2698, 2699, 2700, 2701, 2702, 2703]"
Z2lkOi8vYmFsbG90LWZhY3RvcnkvQ2FuZGlkYWN5LzEwNTU1NDg=,Shelly A. Simonds,"[2704, 2705, 2706, 2707, 2708, 2709, 2710, 2711, 2712]"
Z2lkOi8vYmFsbG90LWZhY3RvcnkvQ2FuZGlkYWN5LzEwNTI2OTU=,Randolph T. Critzer Jr.,"[2713, 2714, 2715, 2716]"
Z2lkOi8vYmFsbG90LWZhY3RvcnkvQ2FuZGlkYWN5LzEwNTYxMjI=,Kristin A. Farry,"[2717, 2718, 2719, 2720, 2721, 2722, 2723, 2724, 2725]"
Z2lkOi8vYmFsbG90LWZhY3RvcnkvQ2FuZGlkYWN5LzEwNTYxMjE=,R. Lee Ware Jr.,"[2726, 2727, 2728, 2729, 2730, 2731, 2732]"
Z2lkOi8vYmFsbG90LWZhY3RvcnkvQ2FuZGlkYWN5LzEwNTI2OTY=,Leslie C. Mehta,"[2733, 2734, 2735, 2736, 2737, 2738, 2739, 2740, 2741]"
Z2lkOi8vYmFsbG90LWZhY3RvcnkvQ2FuZGlkYWN5LzEwNTU1NTA=,Mark L. Earley Jr.,"[2742, 2743, 2744, 2745, 2746, 2747, 2748, 2749, 2750, 2751, 2752]"
Z2lkOi8vYmFsbG90LWZhY3RvcnkvQ2FuZGlkYWN5LzEwNTU2Njc=,Jonas J. Eppert,"[2753, 2754, 2755]"
Z2lkOi8vYmFsbG90LWZhY3RvcnkvQ2FuZGlkYWN5LzEwNTU2Njg=,"Michael ""Mike"" A. Cherry","[2756, 2757, 2758, 2759, 2760, 2761, 2762]"
Z2lkOi8vYmFsbG90LWZhY3RvcnkvQ2FuZGlkYWN5LzEwNTI2OTc=,Lindsey M. Dougherty,"[2763, 2764, 2765, 2766, 2767, 2768, 2769, 2770, 2771, 2772, 2773, 2774, 2775, 2776, 2777, 2778, 2779, 2780, 2781, 2782, 2783, 2784, 2785, 2786, 2787, 2788, 2789, 2790, 2791, 2792, 2793, 2794, 2795, 2796, 2797, 2798]"
Z2lkOi8vYmFsbG90LWZhY3RvcnkvQ2FuZGlkYWN5LzEwNTU1NTE=,Carrie Emerson Coyner,"[2799, 2800, 2801]"
Z2lkOi8vYmFsbG90LWZhY3RvcnkvQ2FuZGlkYWN5LzEwNTU2NzI=,Richard S. Stonage Jr.,"[2802, 2803, 2804, 2805, 2806, 2807, 2808, 2809, 2810, 2811, 2812, 2813, 2814, 2815]"
Z2lkOi8vYmFsbG90LWZhY3RvcnkvQ2FuZGlkYWN5LzEwNTU2NzE=,Michael J. Jones,"[2816, 2817, 2818, 2819, 2820, 2821]"
Z2lkOi8vYmFsbG90LWZhY3RvcnkvQ2FuZGlkYWN5LzEwNTU2NzM=,Betsy B. Carr,"[2822, 2823, 2824, 2825, 2826, 2827, 2828, 2829]"
Z2lkOi8vYmFsbG90LWZhY3RvcnkvQ2FuZGlkYWN5LzEwNTU2NzQ=,Richard Prado,"[2830, 2831, 2832, 2833, 2834]"
Z2lkOi8vYmFsbG90LWZhY3RvcnkvQ2FuZGlkYWN5LzEwNTU2NzU=,Rae C. Cousins,"[2835, 2836, 2837, 2838, 2839, 2840, 2841, 2842, 2843, 2844, 2845]"
Z2lkOi8vYmFsbG90LWZhY3RvcnkvQ2FuZGlkYWN5LzEwNTU2NzY=,Kelsey M. Linnehan,"[2846, 2847, 2848]"
Z2lkOi8vYmFsbG90LWZhY3RvcnkvQ2FuZGlkYWN5LzEwNTU2Nzk=,Kim A. Taylor,"[2849, 2850, 2851, 2852]"
Z2lkOi8vYmFsbG90LWZhY3RvcnkvQ2FuZGlkYWN5LzEwNTU2Nzg=,Kimberly Pope Adams,"[2853, 2854, 2855, 2856, 2857, 2858, 2859, 2860, 2861, 2862, 2863]"
Z2lkOi8vYmFsbG90LWZhY3RvcnkvQ2FuZGlkYWN5LzEwNTU2ODE=,H. Otto Wachsmann Jr.,"[2864, 2865, 2866, 2867, 2868]"
Z2lkOi8vYmFsbG90LWZhY3RvcnkvQ2FuZGlkYWN5LzEwNTU2ODA=,Mary L. Person,"[2869, 2870, 2871, 2872]"
Z2lkOi8vYmFsbG90LWZhY3RvcnkvQ2FuZGlkYWN5LzEwNTU2ODM=,Felisha R. L. Storm,"[2873, 2874, 2875, 2876, 2877, 2878]"
Z2lkOi8vYmFsbG90LWZhY3RvcnkvQ2FuZGlkYWN5LzEwNTU2ODI=,Nadarius E. Clark,"[2879, 2880, 2881, 2882, 2883, 2884, 2885, 2886, 2887, 2888, 2889, 2890, 2891, 2892]"
Z2lkOi8vYmFsbG90LWZhY3RvcnkvQ2FuZGlkYWN5LzEwNTU2ODc=,A.C. Cordoza,"[2893, 2894, 2895, 2896, 2897, 2898, 2899]"
Z2lkOi8vYmFsbG90LWZhY3RvcnkvQ2FuZGlkYWN5LzEwNTU2ODY=,Virgil G. Thornton Sr.,"[2900, 2901, 2902]"
Z2lkOi8vYmFsbG90LWZhY3RvcnkvQ2FuZGlkYWN5LzEwNTI2OTk=,"Michael ""Mike"" K. Lamonea","[2903, 2904, 2905, 2906, 2907]"
Z2lkOi8vYmFsbG90LWZhY3RvcnkvQ2FuZGlkYWN5LzEwNTI3MDA=,"Karen ""Kacey"" Robins Carnegie","[2908, 2909, 2910, 2911, 2912, 2913]"
Z2lkOi8vYmFsbG90LWZhY3RvcnkvQ2FuZGlkYWN5LzEwNTU3MDM=,"Andrew ""Andy"" B. Pittman","[2914, 2915, 2916, 2917, 2918, 2919, 2920, 2921, 2922, 2923, 2924, 2925, 2926]"
Z2lkOi8vYmFsbG90LWZhY3RvcnkvQ2FuZGlkYWN5LzEwNTU3MDI=,Philip M. Hernandez,"[2927, 2928, 2929, 2930, 2931, 2932, 2933, 2934, 2935, 2936, 2937, 2938, 2939, 2940, 2941, 2942, 2943]"
Z2lkOi8vYmFsbG90LWZhY3RvcnkvQ2FuZGlkYWN5LzEwNTU3MDc=,Kelly K. Convirs-Fowler,"[2944, 2945, 2946, 2947]"
Z2lkOi8vYmFsbG90LWZhY3RvcnkvQ2FuZGlkYWN5LzEwNTU3MDg=,Kyle J. Pasquarella,"[2948, 2949, 2950]"
Z2lkOi8vYmFsbG90LWZhY3RvcnkvQ2FuZGlkYWN5LzEwNTU3MDk=,Cheryl Bubeck Smith,"[2951, 2952, 2953, 2954, 2955]"
Z2lkOi8vYmFsbG90LWZhY3RvcnkvQ2FuZGlkYWN5LzEwNTU3MTA=,Barry D. Knight,"[2956, 2957, 2958]"
Z2lkOi8vYmFsbG90LWZhY3RvcnkvQ2FuZGlkYWN5LzEwNTI3MDE=,Timothy V. Anderson,"[2959, 2960, 2961, 2962]"
Z2lkOi8vYmFsbG90LWZhY3RvcnkvQ2FuZGlkYWN5LzEwNTU1NTI=,Michael B. Feggans,"[2963, 2964, 2965, 2966, 2967, 2968]"
Z2lkOi8vYmFsbG90LWZhY3RvcnkvQ2FuZGlkYWN5LzEwNTU1Mzk=,Cat A. Porterfield,"[2969, 2970, 2971, 2972, 2973, 2974, 2975, 2976, 2977]"
Z2lkOi8vYmFsbG90LWZhY3RvcnkvQ2FuZGlkYWN5LzEwNTU1NDA=,Anne Ferrell Tata,"[2978, 2979, 2980, 2981, 2982]"
Z2lkOi8vYmFsbG90LWZhY3RvcnkvQ2FuZGlkYWN5LzEwNTU3MTM=,Robert S. Bloxom Jr.,"[2983, 2984, 2985, 2986, 2987, 2988, 2989]"
Z2lkOi8vYmFsbG90LWZhY3RvcnkvQ2FuZGlkYWN5LzEwNTU3MTI=,Liz W. Richardson,"[2990, 2991, 2992, 2993, 2994, 2995, 2996]"
Z2lkOi8vYmFsbG90LWZhY3RvcnkvQ2FuZGlkYWN5LzEwNTU0NjI=,Abigail A. Spanberger,"[2997, 2998, 2999, 3000, 3001, 3002, 3003, 3004, 3005, 3006, 3007, 3008]"
Z2lkOi8vYmFsbG90LWZhY3RvcnkvQ2FuZGlkYWN5LzEwNTU0NjM=,Winsome E. Sears,"[3009, 3010, 3011, 3012, 3013, 3014, 3015]"
Z2lkOi8vYmFsbG90LWZhY3RvcnkvQ2FuZGlkYWN5LzEwNTI3MDM=,Ghazala F. Hashmi,"[3016, 3017, 3018, 3019, 3020, 3021, 3022, 3023, 3024, 3025]"
Z2lkOi8vYmFsbG90LWZhY3RvcnkvQ2FuZGlkYWN5LzEwNTI3MDI=,John J. Reid II,"[3026, 3027, 3028, 3029, 3030, 3031, 3032, 3033, 3034, 3035, 3036, 3037]"
Z2lkOi8vYmFsbG90LWZhY3RvcnkvQ2FuZGlkYWN5LzEwNTU5MjU=,Peter Macedo,"[3038, 3039, 3040, 3041, 3042]"
Z2lkOi8vYmFsbG90LWZhY3RvcnkvQ2FuZGlkYWN5LzEwNTU5MjQ=,Michael D. Sutphin,"[3043, 3044, 3045, 3046, 3047, 3048, 3049, 3050, 3051, 3052, 3053, 3054, 3055, 3056]"
Z2lkOi8vYmFsbG90LWZhY3RvcnkvQ2FuZGlkYWN5LzEwNTU5Nzk=,Brian Erskine,"[3057, 3058, 3059, 3060]"
Z2lkOi8vYmFsbG90LWZhY3RvcnkvQ2FuZGlkYWN5LzEwNTU5ODA=,Mike Procuk Jr.,"[3061, 3062, 3063, 3064, 3065]"
Z2lkOi8vYmFsbG90LWZhY3RvcnkvQ2FuZGlkYWN5LzEwNTU4MjM=,"Richard ""Rich"" J. Lieberman","[3066, 3067, 3068, 3069, 3070, 3071, 3072, 3073]"
Z2lkOi8vYmFsbG90LWZhY3RvcnkvQ2FuZGlkYWN5LzEwNTU4MjQ=,Todd A. Rump,"[3074, 3075, 3076]"
Z2lkOi8vYmFsbG90LWZhY3RvcnkvQ2FuZGlkYWN5LzEwNTU4MDM=,Josh Regan,"[3077, 3078]"
Z2lkOi8vYmFsbG90LWZhY3RvcnkvQ2FuZGlkYWN5LzEwNTU4MDI=,Annette E. Scharpenberg,"[3079, 3080, 3081, 3082, 3083]"
Z2lkOi8vYmFsbG90LWZhY3RvcnkvQ2FuZGlkYWN5LzEwNTU4MDY=,Wanda D. Blackwell,"[3084, 3085, 3086]"
Z2lkOi8vYmFsbG90LWZhY3RvcnkvQ2FuZGlkYWN5LzEwNTU4MDc=,Maureen L. Siegmund,"[3087, 3088, 3089, 3090]"
Z2lkOi8vYmFsbG90LWZhY3RvcnkvQ2FuZGlkYWN5LzEwNTU5MzM=,Susan G. Anderson,"[3091, 3092, 3093, 3094, 3095, 3096, 3097, 3098]"
Z2lkOi8vYmFsbG90LWZhY3RvcnkvQ2FuZGlkYWN5LzEwNTU5MzQ=,James D. Harder,"[3099, 3100, 3101, 3102]"
Z2lkOi8vYmFsbG90LWZhY3RvcnkvQ2FuZGlkYWN5LzEwNTU5MzI=,Joel L. Goodhart,"[3103, 3104, 3105, 3106, 3107]"
Z2lkOi8vYmFsbG90LWZhY3RvcnkvQ2FuZGlkYWN5LzEwNTYzMzU=,"S. T. ""Ty"" Hodges","[3108, 3109, 3110, 3111, 3112, 3113, 3114, 3115, 3116]"
Z2lkOi8vYmFsbG90LWZhY3RvcnkvQ2FuZGlkYWN5LzEwNTYzMzY=,Sarah Ortego,"[3117, 3118, 3119, 3120]"
Z2lkOi8vYmFsbG90LWZhY3RvcnkvQ2FuZGlkYWN5LzEwNTYzOTg=,Jon D. Russell,"[3121, 3122, 3123, 3124, 3125, 3126, 3127, 3128, 3129]"
Z2lkOi8vYmFsbG90LWZhY3RvcnkvQ2FuZGlkYWN5LzEwNTYzOTk=,Frank Reaves Jr.,"[3130, 3131]"
Z2lkOi8vYmFsbG90LWZhY3RvcnkvQ2FuZGlkYWN5LzEwNTU3NTE=,Matt D. Malone,"[3132, 3133, 3134, 3135, 3136, 3137]"
Z2lkOi8vYmFsbG90LWZhY3RvcnkvQ2FuZGlkYWN5LzEwNTU3NTA=,April Moore Chandler,"[3138, 3139, 3140]"
Z2lkOi8vYmFsbG90LWZhY3RvcnkvQ2FuZGlkYWN5LzEwNTU3NTc=,Ross C. Svenson,"[3141, 3142, 3143, 3144, 3145, 3146]"
Z2lkOi8vYmFsbG90LWZhY3RvcnkvQ2FuZGlkYWN5LzEwNTU3NTY=,Chuntao Samuel Yan,"[3147, 3148, 3149, 3150, 3151, 3152, 3153]"
Z2lkOi8vYmFsbG90LWZhY3RvcnkvQ2FuZGlkYWN5LzEwNTU3NTQ=,Amy M. Riccardi,"[3154, 3155, 3156, 3157]"
Z2lkOi8vYmFsbG90LWZhY3RvcnkvQ2FuZGlkYWN5LzEwNTU3NTU=,Arben Istrefi,[3158]
Z2lkOi8vYmFsbG90LWZhY3RvcnkvQ2FuZGlkYWN5LzEwNTU3NDI=,Jessica H. Ramakis,"[3159, 3160, 3161]"
Z2lkOi8vYmFsbG90LWZhY3RvcnkvQ2FuZGlkYWN5LzEwNTU3Mzk=,"Douglas ""Doug"" K. Francis","[3162, 3163, 3164, 3165, 3166, 3167, 3168]"
Z2lkOi8vYmFsbG90LWZhY3RvcnkvQ2FuZGlkYWN5LzEwNTgyNjI=,Lisa M. Stirgus,[3169]
Z2lkOi8vYmFsbG90LWZhY3RvcnkvQ2FuZGlkYWN5LzEwNTg3Njg=,Cobi Clark,"[3170, 3171, 3172]"
Z2lkOi8vYmFsbG90LWZhY3RvcnkvQ2FuZGlkYWN5LzEwNTg3NjY=,Brian Lott,"[3173, 3174, 3175, 3176, 3177, 3178]"
Z2lkOi8vYmFsbG90LWZhY3RvcnkvQ2FuZGlkYWN5LzEwNTg3Njc=,Erica Tomas,"[3179, 3180, 3181, 3182]"
Z2lkOi8vYmFsbG90LWZhY3RvcnkvQ2FuZGlkYWN5LzEwNTgyNjM=,Nancy Backus,"[3183, 3184, 3185, 3186]"
Z2lkOi8vYmFsbG90LWZhY3RvcnkvQ2FuZGlkYWN5LzEwNTg3MjI=,Yolanda Trout,"[3187, 3188, 3189, 3190]"
Z2lkOi8vYmFsbG90LWZhY3RvcnkvQ2FuZGlkYWN5LzEwNjIxNzM=,Naren Briar,"[3191, 3192, 3193, 3194, 3195, 3196]"
Z2lkOi8vYmFsbG90LWZhY3RvcnkvQ2FuZGlkYWN5LzEwNjIxNzQ=,Conrad Lee,[3197]
Z2lkOi8vYmFsbG90LWZhY3RvcnkvQ2FuZGlkYWN5LzEwNjIxNzY=,Pradnya Desh,"[3198, 3199, 3200, 3201, 3202, 3203, 3204, 3205]"
Z2lkOi8vYmFsbG90LWZhY3RvcnkvQ2FuZGlkYWN5LzEwNjIxNzc=,Jared Nieuwenhuis,"[3206, 3207, 3208, 3209, 3210, 3211, 3212]"
Z2lkOi8vYmFsbG90LWZhY3RvcnkvQ2FuZGlkYWN5LzEwNzE0NTQ=,Leah Wainman,"[3213, 3214, 3215, 3216, 3217, 3218, 3219, 3220, 3221, 3222, 3223, 3224, 3225]"
Z2lkOi8vYmFsbG90LWZhY3RvcnkvQ2FuZGlkYWN5LzEwNzE0NTY=,Hollie Huthman,"[3226, 3227, 3228]"
Z2lkOi8vYmFsbG90LWZhY3RvcnkvQ2FuZGlkYWN5LzEwNzE0NTc=,Skip Williams,"[3229, 3230, 3231]"
Z2lkOi8vYmFsbG90LWZhY3RvcnkvQ2FuZGlkYWN5LzEwNzE0NTg=,Kerri Burnside,"[3232, 3233, 3234, 3235, 3236, 3237, 3238, 3239, 3240, 3241, 3242, 3243, 3244, 3245, 3246, 3247, 3248, 3249, 3250, 3251, 3252]"
Z2lkOi8vYmFsbG90LWZhY3RvcnkvQ2FuZGlkYWN5LzEwNzE0NjI=,Andrew Reding,"[3253, 3254, 3255, 3256, 3257, 3258, 3259, 3260, 3261, 3262, 3263, 3264, 3265, 3266]"
Z2lkOi8vYmFsbG90LWZhY3RvcnkvQ2FuZGlkYWN5LzEwNzE0NjM=,Michael Lilliquist,"[3267, 3268]"
Z2lkOi8vYmFsbG90LWZhY3RvcnkvQ2FuZGlkYWN5LzEwNTgyNzg=,Hugo Garcia,"[3269, 3270, 3271, 3272, 3273, 3274, 3275, 3276, 3277, 3278]"
Z2lkOi8vYmFsbG90LWZhY3RvcnkvQ2FuZGlkYWN5LzEwNTg3MjQ=,Jessica Ivey,"[3279, 3280, 3281, 3282, 3283, 3284, 3285]"
Z2lkOi8vYmFsbG90LWZhY3RvcnkvQ2FuZGlkYWN5LzEwNjIyNTM=,Stephanie Mora,"[3286, 3287, 3288]"
Z2lkOi8vYmFsbG90LWZhY3RvcnkvQ2FuZGlkYWN5LzEwNjIyNTQ=,Rocco DeVito,"[3289, 3290, 3291, 3292, 3293]"
Z2lkOi8vYmFsbG90LWZhY3RvcnkvQ2FuZGlkYWN5LzEwNTkyOTc=,Ryan Crowther,[3294]
Z2lkOi8vYmFsbG90LWZhY3RvcnkvQ2FuZGlkYWN5LzEwNTkyOTg=,Paula Rhyne,"[3295, 3296, 3297, 3298, 3299, 3300, 3301, 3302]"
Z2lkOi8vYmFsbG90LWZhY3RvcnkvQ2FuZGlkYWN5LzEwNjI0MzE=,Melissa Hamilton,"[3303, 3304, 3305, 3306, 3307]"
Z2lkOi8vYmFsbG90LWZhY3RvcnkvQ2FuZGlkYWN5LzEwNjI0MzI=,Tammy Dziak,"[3308, 3309, 3310, 3311, 3312, 3313, 3314]"
Z2lkOi8vYmFsbG90LWZhY3RvcnkvQ2FuZGlkYWN5LzEwNTgyODI=,Jim Ferrell,"[3315, 3316, 3317]"
Z2lkOi8vYmFsbG90LWZhY3RvcnkvQ2FuZGlkYWN5LzEwNTg3Mjg=,Susan Honda,[3318]
Z2lkOi8vYmFsbG90LWZhY3RvcnkvQ2FuZGlkYWN5LzEwNjI1MzA=,Ken Oberman,"[3319, 3320, 3321, 3322, 3323, 3324, 3325, 3326, 3327, 3328, 3329, 3330, 3331, 3332, 3333, 3334, 3335, 3336, 3337, 3338, 3339, 3340, 3341, 3342, 3343, 3344, 3345, 3346, 3347, 3348, 3349, 3350, 3351, 3352]"
Z2lkOi8vYmFsbG90LWZhY3RvcnkvQ2FuZGlkYWN5LzEwNTMyOTQ=,Cathlin B. Gleason,"[0, 1, 2, 3, 4, 5, 6, 7, 8, 9, 10]"
Z2lkOi8vYmFsbG90LWZhY3RvcnkvQ2FuZGlkYWN5LzEwNTMyOTM=,Andre D. Wallace,[11]
Z2lkOi8vYmFsbG90LWZhY3RvcnkvQ2FuZGlkYWN5LzEwNTMwNTI=,Dorcey L. Applyrs,"[12, 13, 14, 15, 16, 17, 18, 19, 20]"
Z2lkOi8vYmFsbG90LWZhY3RvcnkvQ2FuZGlkYWN5LzEwODk3ODE=,Rocco Pezzulo,"[21, 22, 23, 24, 25, 26, 27]"
Z2lkOi8vYmFsbG90LWZhY3RvcnkvQ2FuZGlkYWN5LzEwODMxMTI=,Eric L. Adams,"[28, 29, 30, 31, 32]"
Z2lkOi8vYmFsbG90LWZhY3RvcnkvQ2FuZGlkYWN5LzEwODMxMTM=,Joseph Hernandez,"[33, 34, 35, 36, 37, 38, 39, 40, 41, 42, 43, 44, 45, 46]"
Z2lkOi8vYmFsbG90LWZhY3RvcnkvQ2FuZGlkYWN5LzEwODMxMTQ=,Andrew M. Cuomo,"[47, 48, 49, 50, 51, 52, 53, 54, 55, 56]"
Z2lkOi8vYmFsbG90LWZhY3RvcnkvQ2FuZGlkYWN5LzEwNTMwMjI=,Zohran Kwame Mamdani,"[57, 58, 59, 60, 61, 62, 63, 64, 65, 66, 67, 68, 69, 70, 71, 72, 73, 74, 75, 76, 77]"
Z2lkOi8vYmFsbG90LWZhY3RvcnkvQ2FuZGlkYWN5LzEwODMxMTA=,Curtis A. Sliwa,"[78, 79, 80, 81, 82, 83, 84, 85, 86, 87, 88, 89, 90, 91, 92, 93, 94, 95, 96, 97, 98, 99, 100, 101, 102, 103, 104, 105, 106, 107, 108, 109, 110]"
Z2lkOi8vYmFsbG90LWZhY3RvcnkvQ2FuZGlkYWN5LzEwNTM1MDA=,Shirley Aldebol,"[111, 112, 113, 114, 115, 116, 117]"
Z2lkOi8vYmFsbG90LWZhY3RvcnkvQ2FuZGlkYWN5LzEwODMyNzY=,Kristy Marmorato,"[118, 119, 120, 121, 122]"
Z2lkOi8vYmFsbG90LWZhY3RvcnkvQ2FuZGlkYWN5LzEwODMyNzc=,Joel Rivera,"[123, 124, 125, 126, 127, 128, 129, 130, 131]"
Z2lkOi8vYmFsbG90LWZhY3RvcnkvQ2FuZGlkYWN5LzEwODM4Njk=,Vickie Paladino,"[132, 133, 134, 135]"
Z2lkOi8vYmFsbG90LWZhY3RvcnkvQ2FuZGlkYWN5LzEwNTMwODc=,"Benjamin ""Ben"" Chou","[136, 137, 138, 139, 140, 141, 142, 143]"
Z2lkOi8vYmFsbG90LWZhY3RvcnkvQ2FuZGlkYWN5LzEwNTM0OTU=,Harvey D. Epstein,"[144, 145, 146, 147, 148, 149, 150, 151, 152, 153, 154, 155, 156, 157, 158, 159, 160, 161, 162, 163, 164, 165, 166, 167, 168, 169, 170, 171, 172, 173, 174, 175, 176]"
Z2lkOi8vYmFsbG90LWZhY3RvcnkvQ2FuZGlkYWN5LzEwODMxNjM=,Jason C. Murillo,"[177, 178, 179, 180, 181, 182, 183, 184, 185]"
Z2lkOi8vYmFsbG90LWZhY3RvcnkvQ2FuZGlkYWN5LzEwODMxNjQ=,Allie Ryan,"[186, 187, 188, 189, 190, 191, 192, 193, 194, 195, 196, 197, 198, 199, 200, 201, 202, 203, 204, 205]"
Z2lkOi8vYmFsbG90LWZhY3RvcnkvQ2FuZGlkYWN5LzEwODMxNjU=,Gail Schargel,"[206, 207, 208, 209, 210]"
Z2lkOi8vYmFsbG90LWZhY3RvcnkvQ2FuZGlkYWN5LzEwNTMwNTA=,Alexa Avilés,"[211, 212, 213, 214, 215, 216, 217, 218, 219, 220, 221, 222, 223, 224, 225, 226, 227, 228, 229, 230, 231]"
Z2lkOi8vYmFsbG90LWZhY3RvcnkvQ2FuZGlkYWN5LzEwODMzMjI=,Luis E. Quero,"[232, 233, 234, 235]"
Z2lkOi8vYmFsbG90LWZhY3RvcnkvQ2FuZGlkYWN5LzEwODMzMzI=,Farah N. Louis,"[236, 237, 238, 239, 240, 241, 242, 243]"
Z2lkOi8vYmFsbG90LWZhY3RvcnkvQ2FuZGlkYWN5LzEwODMzMzM=,Joshua E. Diaz,"[244, 245, 246, 247, 248]"
Z2lkOi8vYmFsbG90LWZhY3RvcnkvQ2FuZGlkYWN5LzEwODMzMzQ=,Hatem El-Gamasy,"[249, 250, 251, 252, 253, 254, 255]"
Z2lkOi8vYmFsbG90LWZhY3RvcnkvQ2FuZGlkYWN5LzEwODQwMzI=,John E. Shea,"[256, 257, 258]"
Z2lkOi8vYmFsbG90LWZhY3RvcnkvQ2FuZGlkYWN5LzEwNzg1MjE=,Sarah Blas,"[259, 260, 261, 262, 263, 264, 265, 266, 267, 268, 269, 270, 271, 272, 273, 274, 275, 276, 277, 278, 279, 280, 281]"
Z2lkOi8vYmFsbG90LWZhY3RvcnkvQ2FuZGlkYWN5LzEwNTMwMzU=,Julie Menin,"[282, 283, 284, 285, 286, 287, 288, 289, 290, 291]"
Z2lkOi8vYmFsbG90LWZhY3RvcnkvQ2FuZGlkYWN5LzEwODMxNTk=,Alina Bonsell,"[292, 293, 294, 295, 296, 297, 298, 299, 300, 301, 302, 303, 304, 305, 306, 307, 308, 309, 310, 311]"
Z2lkOi8vYmFsbG90LWZhY3RvcnkvQ2FuZGlkYWN5LzEwNTMxNTQ=,Frank Morano,"[312, 313, 314, 315, 316, 317, 318, 319, 320, 321, 322, 323, 324, 325, 326, 327, 328, 329, 330, 331]"
Z2lkOi8vYmFsbG90LWZhY3RvcnkvQ2FuZGlkYWN5LzEwODQwMzE=,John K. Buthorn,"[332, 333, 334, 335, 336, 337, 338, 339, 340, 341, 342, 343, 344, 345, 346, 347, 348, 349, 350, 351, 352, 353, 354, 355, 356, 357, 358, 359, 360, 361, 362, 363, 364, 365, 366, 367]"
Z2lkOi8vYmFsbG90LWZhY3RvcnkvQ2FuZGlkYWN5LzEwODQwMzA=,Clifford A. Hagen,"[368, 369, 370, 371, 372]"
Z2lkOi8vYmFsbG90LWZhY3RvcnkvQ2FuZGlkYWN5LzEwNTMwMzc=,Shaun Abreu,"[373, 374, 375, 376, 377, 378, 379, 380, 381, 382, 383]"
Z2lkOi8vYmFsbG90LWZhY3RvcnkvQ2FuZGlkYWN5LzEwODMxNTY=,Manual Williams,"[384, 385, 386, 387, 388, 389, 390, 391, 392]"
Z2lkOi8vYmFsbG90LWZhY3RvcnkvQ2FuZGlkYWN5LzEwODMxNTc=,Edafe Okporo,"[393, 394, 395, 396, 397, 398, 399, 400, 401, 402, 403, 404, 405, 406, 407, 408, 409, 410, 411]"
Z2lkOi8vYmFsbG90LWZhY3RvcnkvQ2FuZGlkYWN5LzEwNTMyOTQ=,Cathlin B. Gleason,"[400, 401, 402, 403, 404, 405, 406, 407, 408, 409, 410]"
Z2lkOi8vYmFsbG90LWZhY3RvcnkvQ2FuZGlkYWN5LzEwNTMyOTM=,Andre D. Wallace,[411]
Z2lkOi8vYmFsbG90LWZhY3RvcnkvQ2FuZGlkYWN5LzEwNTMwNTI=,Dorcey L. Applyrs,"[412, 413, 414, 415, 416, 417, 418, 419, 420]"
Z2lkOi8vYmFsbG90LWZhY3RvcnkvQ2FuZGlkYWN5LzEwODk3ODE=,Rocco Pezzulo,"[421, 422, 423, 424, 425, 426, 427]"
Z2lkOi8vYmFsbG90LWZhY3RvcnkvQ2FuZGlkYWN5LzEwODMxMTI=,Eric L. Adams,"[428, 429, 430, 431, 432]"
Z2lkOi8vYmFsbG90LWZhY3RvcnkvQ2FuZGlkYWN5LzEwODMxMTM=,Joseph Hernandez,"[433, 434, 435, 436, 437, 438, 439, 440, 441, 442, 443, 444, 445, 446]"
Z2lkOi8vYmFsbG90LWZhY3RvcnkvQ2FuZGlkYWN5LzEwODMxMTQ=,Andrew M. Cuomo,"[447, 448, 449, 450, 451, 452, 453, 454, 455, 456]"
Z2lkOi8vYmFsbG90LWZhY3RvcnkvQ2FuZGlkYWN5LzEwNTMyOTQ=,Cathlin B. Gleason,"[450, 451, 452, 453, 454, 455, 456, 457, 458, 459, 460]"
Z2lkOi8vYmFsbG90LWZhY3RvcnkvQ2FuZGlkYWN5LzEwNTMyOTM=,Andre D. Wallace,[461]
Z2lkOi8vYmFsbG90LWZhY3RvcnkvQ2FuZGlkYWN5LzEwNTMwNTI=,Dorcey L. Applyrs,"[462, 463, 464, 465, 466, 467, 468, 469, 470]"
Z2lkOi8vYmFsbG90LWZhY3RvcnkvQ2FuZGlkYWN5LzEwODk3ODE=,Rocco Pezzulo,"[471, 472, 473, 474, 475, 476, 477]"
Z2lkOi8vYmFsbG90LWZhY3RvcnkvQ2FuZGlkYWN5LzEwODMxMTI=,Eric L. Adams,"[478, 479, 480, 481, 482]"
Z2lkOi8vYmFsbG90LWZhY3RvcnkvQ2FuZGlkYWN5LzEwODMxMTM=,Joseph Hernandez,"[483, 484, 485, 486, 487, 488, 489, 490, 491, 492, 493, 494, 495, 496]"
Z2lkOi8vYmFsbG90LWZhY3RvcnkvQ2FuZGlkYWN5LzEwODMxMTQ=,Andrew M. Cuomo,"[497, 498, 499, 500, 501, 502, 503, 504, 505, 506]"
Z2lkOi8vYmFsbG90LWZhY3RvcnkvQ2FuZGlkYWN5LzEwNTMwMjI=,Zohran Kwame Mamdani,"[507, 508, 509, 510, 511, 512, 513, 514, 515, 516, 517, 518, 519, 520, 521, 522, 523, 524, 525, 526, 527]"
Z2lkOi8vYmFsbG90LWZhY3RvcnkvQ2FuZGlkYWN5LzEwODMxMTA=,Curtis A. Sliwa,"[528, 529, 530, 531, 532, 533, 534, 535, 536, 537, 538, 539, 540, 541, 542, 543, 544, 545, 546, 547, 548, 549, 550, 551, 552, 553, 554, 555, 556, 557, 558, 559, 560]"
Z2lkOi8vYmFsbG90LWZhY3RvcnkvQ2FuZGlkYWN5LzEwNTM1MDA=,Shirley Aldebol,"[561, 562, 563, 564, 565, 566, 567]"
Z2lkOi8vYmFsbG90LWZhY3RvcnkvQ2FuZGlkYWN5LzEwODMyNzY=,Kristy Marmorato,"[568, 569, 570, 571, 572]"
Z2lkOi8vYmFsbG90LWZhY3RvcnkvQ2FuZGlkYWN5LzEwODMyNzc=,Joel Rivera,"[573, 574, 575, 576, 577, 578, 579, 580, 581]"
Z2lkOi8vYmFsbG90LWZhY3RvcnkvQ2FuZGlkYWN5LzEwODM4Njk=,Vickie Paladino,"[582, 583, 584, 585]"
Z2lkOi8vYmFsbG90LWZhY3RvcnkvQ2FuZGlkYWN5LzEwNTMwODc=,"Benjamin ""Ben"" Chou","[586, 587, 588, 589, 590, 591, 592, 593]"
Z2lkOi8vYmFsbG90LWZhY3RvcnkvQ2FuZGlkYWN5LzEwNTM0OTU=,Harvey D. Epstein,"[594, 595, 596, 597, 598, 599, 600, 601, 602, 603, 604, 605, 606, 607, 608, 609, 610, 611, 612, 613, 614, 615, 616, 617, 618, 619, 620, 621, 622, 623, 624, 625, 626]"
Z2lkOi8vYmFsbG90LWZhY3RvcnkvQ2FuZGlkYWN5LzEwODMxNjM=,Jason C. Murillo,"[627, 628, 629, 630, 631, 632, 633, 634, 635]"
Z2lkOi8vYmFsbG90LWZhY3RvcnkvQ2FuZGlkYWN5LzEwODMxNjQ=,Allie Ryan,"[636, 637, 638, 639, 640, 641, 642, 643, 644, 645, 646, 647, 648, 649, 650, 651, 652, 653, 654, 655]"
Z2lkOi8vYmFsbG90LWZhY3RvcnkvQ2FuZGlkYWN5LzEwODMxNjU=,Gail Schargel,"[656, 657, 658, 659, 660]"
Z2lkOi8vYmFsbG90LWZhY3RvcnkvQ2FuZGlkYWN5LzEwNTMwNTA=,Alexa Avilés,"[661, 662, 663, 664, 665, 666, 667, 668, 669, 670, 671, 672, 673, 674, 675, 676, 677, 678, 679, 680, 681]"
Z2lkOi8vYmFsbG90LWZhY3RvcnkvQ2FuZGlkYWN5LzEwODMzMjI=,Luis E. Quero,"[682, 683, 684, 685]"
Z2lkOi8vYmFsbG90LWZhY3RvcnkvQ2FuZGlkYWN5LzEwODMzMzI=,Farah N. Louis,"[686, 687, 688, 689, 690, 691, 692, 693]"
Z2lkOi8vYmFsbG90LWZhY3RvcnkvQ2FuZGlkYWN5LzEwODMzMzM=,Joshua E. Diaz,"[694, 695, 696, 697, 698]"
Z2lkOi8vYmFsbG90LWZhY3RvcnkvQ2FuZGlkYWN5LzEwODMzMzQ=,Hatem El-Gamasy,"[699, 700, 701, 702, 703, 704, 705]"
Z2lkOi8vYmFsbG90LWZhY3RvcnkvQ2FuZGlkYWN5LzEwODQwMzI=,John E. Shea,"[706, 707, 708]"
Z2lkOi8vYmFsbG90LWZhY3RvcnkvQ2FuZGlkYWN5LzEwNzg1MjE=,Sarah Blas,"[709, 710, 711, 712, 713, 714, 715, 716, 717, 718, 719, 720, 721, 722, 723, 724, 725, 726, 727, 728, 729, 730, 731]"
Z2lkOi8vYmFsbG90LWZhY3RvcnkvQ2FuZGlkYWN5LzEwNTMwMzU=,Julie Menin,"[732, 733, 734, 735, 736, 737, 738, 739, 740, 741]"
Z2lkOi8vYmFsbG90LWZhY3RvcnkvQ2FuZGlkYWN5LzEwODMxNTk=,Alina Bonsell,"[742, 743, 744, 745, 746, 747, 748, 749, 750, 751, 752, 753, 754, 755, 756, 757, 758, 759, 760, 761]"
Z2lkOi8vYmFsbG90LWZhY3RvcnkvQ2FuZGlkYWN5LzEwNTMxNTQ=,Frank Morano,"[762, 763, 764, 765, 766, 767, 768, 769, 770, 771, 772, 773, 774, 775, 776, 777, 778, 779, 780, 781]"
Z2lkOi8vYmFsbG90LWZhY3RvcnkvQ2FuZGlkYWN5LzEwODQwMzE=,John K. Buthorn,"[782, 783, 784, 785, 786, 787, 788, 789, 790, 791, 792, 793, 794, 795, 796, 797, 798, 799, 800, 801, 802, 803, 804, 805, 806, 807, 808, 809, 810, 811, 812, 813, 814, 815, 816, 817]"
Z2lkOi8vYmFsbG90LWZhY3RvcnkvQ2FuZGlkYWN5LzEwODQwMzA=,Clifford A. Hagen,"[818, 819, 820, 821, 822]"
Z2lkOi8vYmFsbG90LWZhY3RvcnkvQ2FuZGlkYWN5LzEwNTMwMzc=,Shaun Abreu,"[823, 824, 825, 826, 827, 828, 829, 830, 831, 832, 833]"
Z2lkOi8vYmFsbG90LWZhY3RvcnkvQ2FuZGlkYWN5LzEwODMxNTY=,Manual Williams,"[834, 835, 836, 837, 838, 839, 840, 841, 842]"
Z2lkOi8vYmFsbG90LWZhY3RvcnkvQ2FuZGlkYWN5LzEwODMxNTc=,Edafe Okporo,"[843, 844, 845, 846, 847, 848, 849, 850, 851, 852, 853, 854, 855, 856, 857, 858, 859, 860, 861]"
Z2lkOi8vYmFsbG90LWZhY3RvcnkvQ2FuZGlkYWN5LzEwNTMyOTI=,Sean M. Ryan,"[862, 863, 864, 865, 866, 867, 868, 869, 870, 871]"
Z2lkOi8vYmFsbG90LWZhY3RvcnkvQ2FuZGlkYWN5LzEwNjAwMDc=,Michael Gainer,"[872, 873, 874, 875, 876, 877, 878, 879, 880]"
Z2lkOi8vYmFsbG90LWZhY3RvcnkvQ2FuZGlkYWN5LzEwNjAwMDg=,James R. Gardner,"[881, 882, 883, 884]"
Z2lkOi8vYmFsbG90LWZhY3RvcnkvQ2FuZGlkYWN5LzEwNTM0MTM=,Lashunda C. Leslie-Smith,"[885, 886, 887, 888]"
Z2lkOi8vYmFsbG90LWZhY3RvcnkvQ2FuZGlkYWN5LzEwNTM0MTQ=,Miguel A. Melendez Jr.,"[889, 890]"
Z2lkOi8vYmFsbG90LWZhY3RvcnkvQ2FuZGlkYWN5LzEwNTM0MTU=,Mitch D. Gruber,"[891, 892]"
Z2lkOi8vYmFsbG90LWZhY3RvcnkvQ2FuZGlkYWN5LzEwNTM0MTY=,"Chiara ""Kee Kee"" Smith","[893, 894, 895]"
Z2lkOi8vYmFsbG90LWZhY3RvcnkvQ2FuZGlkYWN5LzEwNTM0MTc=,Stanley Martin,"[896, 897, 898, 899, 900, 901, 902, 903, 904, 905]"
Z2lkOi8vYmFsbG90LWZhY3RvcnkvQ2FuZGlkYWN5LzEwNTQ4MDY=,Marcus C. Williams,"[906, 907, 908, 909, 910, 911, 912, 913, 914, 915, 916, 917, 918, 919, 920, 921, 922, 923, 924, 925]"
Z2lkOi8vYmFsbG90LWZhY3RvcnkvQ2FuZGlkYWN5LzEwNTQ4MDc=,Victor H. Sanchez,"[926, 927, 928, 929, 930, 931, 932, 933, 934, 935, 936, 937, 938, 939, 940, 941, 942, 943, 944, 945, 946, 947, 948, 949, 950, 951, 952]"
Z2lkOi8vYmFsbG90LWZhY3RvcnkvQ2FuZGlkYWN5LzEwNTQ4MDg=,Kelly Cheatle,"[953, 954, 955]"
Z2lkOi8vYmFsbG90LWZhY3RvcnkvQ2FuZGlkYWN5LzEwNTQ4MDk=,David R. Sutliff-Atias,"[956, 957, 958, 959]"
Z2lkOi8vYmFsbG90LWZhY3RvcnkvQ2FuZGlkYWN5LzEwNTMxMzA=,Sharon F. Owens,"[960, 961, 962, 963, 964, 965, 966, 967, 968, 969, 970, 971, 972, 973, 974, 975, 976, 977, 978, 979, 980, 981, 982, 983, 984, 985, 986, 987, 988, 989, 990, 991]"
Z2lkOi8vYmFsbG90LWZhY3RvcnkvQ2FuZGlkYWN5LzEwNzg0NTg=,Thomas R. Babilon,"[992, 993, 994, 995, 996, 997, 998, 999]"
Z2lkOi8vYmFsbG90LWZhY3RvcnkvQ2FuZGlkYWN5LzEwNzg0NTk=,Alfonso Davis,"[1000, 1001, 1002, 1003, 1004]"
Z2lkOi8vYmFsbG90LWZhY3RvcnkvQ2FuZGlkYWN5LzEwNTMwMzk=,Antonio Reynoso,"[1005, 1006, 1007, 1008, 1009, 1010, 1011, 1012, 1013, 1014, 1015, 1016, 1017, 1018, 1019, 1020, 1021, 1022, 1023, 1024, 1025, 1026, 1027, 1028, 1029, 1030, 1031, 1032, 1033, 1034, 1035, 1036, 1037]"
Z2lkOi8vYmFsbG90LWZhY3RvcnkvQ2FuZGlkYWN5LzEwODMzMTM=,Janine Acquafredda,"[1038, 1039, 1040, 1041, 1042, 1043, 1044, 1045, 1046, 1047]"
Z2lkOi8vYmFsbG90LWZhY3RvcnkvQ2FuZGlkYWN5LzEwNTMwMjE=,Peter Kefalas,"[1048, 1049, 1050, 1051, 1052, 1053, 1054, 1055, 1056, 1057, 1058, 1059, 1060, 1061, 1062, 1063, 1064, 1065, 1066, 1067, 1068, 1069, 1070, 1071, 1072, 1073, 1074, 1075, 1076, 1077, 1078, 1079, 1080, 1081, 1082, 1083, 1084, 1085, 1086, 1087, 1088, 1089, 1090, 1091, 1092, 1093, 1094, 1095]"
Z2lkOi8vYmFsbG90LWZhY3RvcnkvQ2FuZGlkYWN5LzEwNTM0OTg=,Mark D. Levine,"[1096, 1097, 1098, 1099, 1100, 1101, 1102, 1103, 1104, 1105, 1106, 1107, 1108, 1109, 1110]"
Z2lkOi8vYmFsbG90LWZhY3RvcnkvQ2FuZGlkYWN5LzEwODMxMTg=,Ismael Malave Perez,"[1111, 1112, 1113, 1114, 1115, 1116, 1117, 1118]"
Z2lkOi8vYmFsbG90LWZhY3RvcnkvQ2FuZGlkYWN5LzEwNTMwODg=,Shekar Krishnan,"[1119, 1120, 1121, 1122, 1123]"
Z2lkOi8vYmFsbG90LWZhY3RvcnkvQ2FuZGlkYWN5LzEwODM4Nzk=,Ramses S. Frias,"[1124, 1125, 1126, 1127, 1128, 1129, 1130]"
Z2lkOi8vYmFsbG90LWZhY3RvcnkvQ2FuZGlkYWN5LzEwODM4ODA=,Ricardo J. Pacheco,"[1131, 1132, 1133, 1134, 1135, 1136]"
Z2lkOi8vYmFsbG90LWZhY3RvcnkvQ2FuZGlkYWN5LzEwNzgyMTQ=,Julie Won,"[1137, 1138, 1139, 1140, 1141, 1142]"
Z2lkOi8vYmFsbG90LWZhY3RvcnkvQ2FuZGlkYWN5LzEwODM4ODY=,John P. Healy,"[1143, 1144, 1145, 1146, 1147, 1148, 1149, 1150, 1151, 1152]"
Z2lkOi8vYmFsbG90LWZhY3RvcnkvQ2FuZGlkYWN5LzEwODM5NDQ=,Lynn C. Schulman,"[1153, 1154, 1155, 1156, 1157, 1158, 1159, 1160, 1161, 1162, 1163, 1164, 1165, 1166, 1167, 1168, 1169]"
Z2lkOi8vYmFsbG90LWZhY3RvcnkvQ2FuZGlkYWN5LzEwODM5NDU=,Jonathan D. Rinaldi,"[1170, 1171, 1172, 1173, 1174, 1175, 1176, 1177, 1178, 1179, 1180, 1181]"
Z2lkOi8vYmFsbG90LWZhY3RvcnkvQ2FuZGlkYWN5LzEwNTMwNTE=,Shahana K. Hanif,"[1182, 1183, 1184, 1185, 1186, 1187, 1188, 1189, 1190, 1191, 1192, 1193, 1194, 1195, 1196, 1197, 1198, 1199, 1200, 1201, 1202, 1203, 1204, 1205, 1206, 1207, 1208, 1209, 1210, 1211, 1212, 1213, 1214, 1215, 1216]"
Z2lkOi8vYmFsbG90LWZhY3RvcnkvQ2FuZGlkYWN5LzEwODMzMjM=,Brett E. Wynkoop,"[1217, 1218, 1219, 1220, 1221, 1222, 1223, 1224]"
Z2lkOi8vYmFsbG90LWZhY3RvcnkvQ2FuZGlkYWN5LzEwODMzMjQ=,Nickie Kane,"[1225, 1226, 1227]"
Z2lkOi8vYmFsbG90LWZhY3RvcnkvQ2FuZGlkYWN5LzEwODMzMjU=,Matthew I. Morgan,"[1228, 1229, 1230, 1231, 1232, 1233, 1234, 1235, 1236, 1237, 1238, 1239, 1240, 1241, 1242, 1243, 1244, 1245, 1246, 1247, 1248, 1249, 1250, 1251]"
Z2lkOi8vYmFsbG90LWZhY3RvcnkvQ2FuZGlkYWN5LzEwNTMwNTU=,Mercedes Narcisse,"[1252, 1253, 1254]"
Z2lkOi8vYmFsbG90LWZhY3RvcnkvQ2FuZGlkYWN5LzEwODMzMzU=,Athena A. Clarke,"[1255, 1256, 1257, 1258, 1259, 1260, 1261, 1262, 1263]"
Z2lkOi8vYmFsbG90LWZhY3RvcnkvQ2FuZGlkYWN5LzEwNTM1MTA=,George Sarantopoulos,"[1264, 1265, 1266, 1267, 1268, 1269, 1270, 1271, 1272, 1273, 1274, 1275, 1276, 1277, 1278]"
Z2lkOi8vYmFsbG90LWZhY3RvcnkvQ2FuZGlkYWN5LzEwNTM1MTE=,Kayla Santosuosso,"[1279, 1280, 1281, 1282, 1283, 1284, 1285, 1286, 1287, 1288, 1289, 1290, 1291, 1292, 1293, 1294, 1295, 1296, 1297, 1298, 1299, 1300, 1301, 1302, 1303, 1304, 1305, 1306, 1307, 1308, 1309, 1310, 1311, 1312, 1313, 1314]"
Z2lkOi8vYmFsbG90LWZhY3RvcnkvQ2FuZGlkYWN5LzEwODMxMTY=,Gonzalo Duran,"[1315, 1316, 1317, 1318, 1319, 1320, 1321, 1322, 1323, 1324, 1325, 1326, 1327, 1328, 1329, 1330, 1331, 1332, 1333, 1334, 1335, 1336, 1337, 1338, 1339]"
Z2lkOi8vYmFsbG90LWZhY3RvcnkvQ2FuZGlkYWN5LzEwODMxMTc=,"Martin ""Marty"" W. Dolan","[1340, 1341, 1342, 1343, 1344, 1345, 1346, 1347, 1348, 1349, 1350]"
Z2lkOi8vYmFsbG90LWZhY3RvcnkvQ2FuZGlkYWN5LzEwODE0OTg=,Elizabeth S. Fortino,[1351]
Z2lkOi8vYmFsbG90LWZhY3RvcnkvQ2FuZGlkYWN5LzEwODE0OTk=,Candace Randall,[1352]
Z2lkOi8vYmFsbG90LWZhY3RvcnkvQ2FuZGlkYWN5LzEwODE1MDM=,Lydia L. Young,[1353]
Z2lkOi8vYmFsbG90LWZhY3RvcnkvQ2FuZGlkYWN5LzEwODE1MDU=,Patrick Kilmartin,[1354]
Z2lkOi8vYmFsbG90LWZhY3RvcnkvQ2FuZGlkYWN5LzEwODcyNTM=,Vincent Cauley,"[1355, 1356, 1357, 1358]"
Z2lkOi8vYmFsbG90LWZhY3RvcnkvQ2FuZGlkYWN5LzEwODcyNTU=,John Accardo,"[1359, 1360, 1361, 1362, 1363, 1364]"
Z2lkOi8vYmFsbG90LWZhY3RvcnkvQ2FuZGlkYWN5LzEwODcyMzM=,Thomas Krantz,"[1365, 1366, 1367, 1368, 1369, 1370]"
Z2lkOi8vYmFsbG90LWZhY3RvcnkvQ2FuZGlkYWN5LzEwNzg0MDI=,Austin Tylec,"[1371, 1372, 1373, 1374]"
Z2lkOi8vYmFsbG90LWZhY3RvcnkvQ2FuZGlkYWN5LzEwNTMyODE=,Dillon C. Moran,"[1375, 1376, 1377, 1378, 1379, 1380, 1381, 1382, 1383]"
Z2lkOi8vYmFsbG90LWZhY3RvcnkvQ2FuZGlkYWN5LzEwOTc4NzE=,Jessica Troisi,[1384]
Z2lkOi8vYmFsbG90LWZhY3RvcnkvQ2FuZGlkYWN5LzEwOTc4NzU=,JoAnne Kiernan,"[1385, 1386, 1387]"
Z2lkOi8vYmFsbG90LWZhY3RvcnkvQ2FuZGlkYWN5LzEwNzgyNzE=,Shafer Gaston,"[1388, 1389]"
Z2lkOi8vYmFsbG90LWZhY3RvcnkvQ2FuZGlkYWN5LzEwOTc4NzM=,BK Keramati,"[1390, 1391, 1392, 1393, 1394, 1395, 1396, 1397, 1398]"
Z2lkOi8vYmFsbG90LWZhY3RvcnkvQ2FuZGlkYWN5LzEwOTc4NzQ=,Charles Marshall,"[1399, 1400, 1401, 1402]"
Z2lkOi8vYmFsbG90LWZhY3RvcnkvQ2FuZGlkYWN5LzEwNzg1NjA=,Michele Madigan,"[1403, 1404, 1405, 1406, 1407, 1408]"
Z2lkOi8vYmFsbG90LWZhY3RvcnkvQ2FuZGlkYWN5LzEwOTc4NzA=,John F. Safford,"[1409, 1410, 1411, 1412, 1413, 1414]"
Z2lkOi8vYmFsbG90LWZhY3RvcnkvQ2FuZGlkYWN5LzEwNzcxMDQ=,Kamal Johnson,"[1415, 1416, 1417, 1418, 1419, 1420, 1421, 1422, 1423, 1424, 1425, 1426, 1427, 1428, 1429, 1430]"
Z2lkOi8vYmFsbG90LWZhY3RvcnkvQ2FuZGlkYWN5LzEwNTMwNzQ=,Joseph Ferris,"[1431, 1432, 1433]"
Z2lkOi8vYmFsbG90LWZhY3RvcnkvQ2FuZGlkYWN5LzEwODQwOTk=,Mike Nugent,"[1434, 1435, 1436, 1437, 1438, 1439, 1440, 1441, 1442, 1443, 1444, 1445, 1446, 1447, 1448]"
Z2lkOi8vYmFsbG90LWZhY3RvcnkvQ2FuZGlkYWN5LzEwODQxMDA=,David Quattrocchi,"[1449, 1450, 1451, 1452, 1453]"
Z2lkOi8vYmFsbG90LWZhY3RvcnkvQ2FuZGlkYWN5LzEwODQxMzM=,Casey Schreiner,"[1454, 1455, 1456, 1457]"
Z2lkOi8vYmFsbG90LWZhY3RvcnkvQ2FuZGlkYWN5LzEwODQxMzE=,Joe McKenney,"[1458, 1459, 1460, 1461, 1462, 1463, 1464, 1465, 1466, 1467, 1468, 1469]"
Z2lkOi8vYmFsbG90LWZhY3RvcnkvQ2FuZGlkYWN5LzEwODQwMTY=,Trevor Nameniuk,"[1470, 1471, 1472, 1473, 1474, 1475, 1476, 1477, 1478, 1479]"
Z2lkOi8vYmFsbG90LWZhY3RvcnkvQ2FuZGlkYWN5LzEwODQwMTc=,Emily Talago,"[1480, 1481, 1482, 1483, 1484, 1485, 1486, 1487]"
Z2lkOi8vYmFsbG90LWZhY3RvcnkvQ2FuZGlkYWN5LzEwODQwMTU=,Emma Bode,"[1488, 1489, 1490, 1491, 1492]"
Z2lkOi8vYmFsbG90LWZhY3RvcnkvQ2FuZGlkYWN5LzEwODQwMTg=,Alison Sweeney,"[1493, 1494, 1495, 1496, 1497, 1498, 1499, 1500]"
Z2lkOi8vYmFsbG90LWZhY3RvcnkvQ2FuZGlkYWN5LzEwODEzNTA=,Haley McKnight,"[1501, 1502, 1503, 1504, 1505, 1506]"
Z2lkOi8vYmFsbG90LWZhY3RvcnkvQ2FuZGlkYWN5LzEwODEzNTI=,Ben Rigby,"[1507, 1508, 1509, 1510, 1511]"
Z2lkOi8vYmFsbG90LWZhY3RvcnkvQ2FuZGlkYWN5LzEwODEzNTM=,Shaun White Wolf,"[1512, 1513, 1514, 1515]"
Z2lkOi8vYmFsbG90LWZhY3RvcnkvQ2FuZGlkYWN5LzEwODQwMjA=,Douglas Fischer,"[1516, 1517, 1518, 1519, 1520, 1521, 1522, 1523, 1524]"
Z2lkOi8vYmFsbG90LWZhY3RvcnkvQ2FuZGlkYWN5LzEwODQwMjE=,John Meyer,"[1525, 1526, 1527, 1528, 1529, 1530, 1531]"
Z2lkOi8vYmFsbG90LWZhY3RvcnkvQ2FuZGlkYWN5LzEwODQwMjI=,Brendan O'Connor,"[1532, 1533, 1534, 1535, 1536]"
Z2lkOi8vYmFsbG90LWZhY3RvcnkvQ2FuZGlkYWN5LzEwODUzOTY=,John Hanratty,"[1537, 1538]"
Z2lkOi8vYmFsbG90LWZhY3RvcnkvQ2FuZGlkYWN5LzEwODU0MDY=,Ayesha Wilson,"[1539, 1540, 1541]"
Z2lkOi8vYmFsbG90LWZhY3RvcnkvQ2FuZGlkYWN5LzEwODU0MDc=,Robert Winters,"[1542, 1543, 1544]"
Z2lkOi8vYmFsbG90LWZhY3RvcnkvQ2FuZGlkYWN5LzEwODUzOTA=,Ayah A. Al-Zubi,"[1545, 1546, 1547, 1548, 1549, 1550, 1551, 1552, 1553, 1554, 1555, 1556, 1557, 1558, 1559, 1560, 1561]"
Z2lkOi8vYmFsbG90LWZhY3RvcnkvQ2FuZGlkYWN5LzEwODUzOTE=,Burhan Azeem,"[1562, 1563, 1564, 1565, 1566, 1567, 1568, 1569, 1570, 1571]"
Z2lkOi8vYmFsbG90LWZhY3RvcnkvQ2FuZGlkYWN5LzEwODUzOTM=,Elizabeth Bisio,"[1572, 1573, 1574, 1575, 1576]"
Z2lkOi8vYmFsbG90LWZhY3RvcnkvQ2FuZGlkYWN5LzEwODUzOTQ=,Dana Ray Bullister,"[1577, 1578, 1579, 1580, 1581, 1582, 1583, 1584, 1585, 1586, 1587, 1588, 1589]"
Z2lkOi8vYmFsbG90LWZhY3RvcnkvQ2FuZGlkYWN5LzEwODUzOTU=,Timothy P. Flaherty,"[1590, 1591, 1592, 1593, 1594, 1595, 1596, 1597, 1598, 1599, 1600, 1601]"
Z2lkOi8vYmFsbG90LWZhY3RvcnkvQ2FuZGlkYWN5LzEwODU0MDI=,Zion Nathaniel Sherin,"[1602, 1603, 1604, 1605, 1606, 1607, 1608, 1609, 1610, 1611, 1612]"
Z2lkOi8vYmFsbG90LWZhY3RvcnkvQ2FuZGlkYWN5LzEwODU0MDM=,Sumbul Siddiqui,"[1613, 1614, 1615, 1616, 1617, 1618, 1619, 1620]"
Z2lkOi8vYmFsbG90LWZhY3RvcnkvQ2FuZGlkYWN5LzEwODUzOTc=,Peter Hsu,"[1621, 1622, 1623, 1624, 1625, 1626, 1627, 1628]"
Z2lkOi8vYmFsbG90LWZhY3RvcnkvQ2FuZGlkYWN5LzEwODUzOTg=,Marc C. McGovern,"[1629, 1630, 1631]"
Z2lkOi8vYmFsbG90LWZhY3RvcnkvQ2FuZGlkYWN5LzEwODUzOTk=,Ned S. Melanson,"[1632, 1633, 1634, 1635, 1636, 1637, 1638, 1639, 1640]"
Z2lkOi8vYmFsbG90LWZhY3RvcnkvQ2FuZGlkYWN5LzEwODU0MDE=,Stanislav A. Rivkin,"[1641, 1642, 1643, 1644, 1645, 1646, 1647, 1648, 1649, 1650, 1651, 1652, 1653, 1654]"
Z2lkOi8vYmFsbG90LWZhY3RvcnkvQ2FuZGlkYWN5LzEwODU0MDU=,Jivan G. Sobrinho-Wheeler,"[1655, 1656, 1657, 1658, 1659, 1660, 1661, 1662, 1663, 1664]"
Z2lkOi8vYmFsbG90LWZhY3RvcnkvQ2FuZGlkYWN5LzEwODE2MTA=,Henry Santana,"[1665, 1666, 1667, 1668, 1669, 1670, 1671, 1672, 1673, 1674, 1675, 1676]"
Z2lkOi8vYmFsbG90LWZhY3RvcnkvQ2FuZGlkYWN5LzEwODE2MTE=,Ruthzee Louijeune,"[1677, 1678, 1679, 1680, 1681, 1682, 1683, 1684, 1685, 1686]"
Z2lkOi8vYmFsbG90LWZhY3RvcnkvQ2FuZGlkYWN5LzEwODE2MTI=,Julia Mejia,"[1687, 1688, 1689, 1690]"
Z2lkOi8vYmFsbG90LWZhY3RvcnkvQ2FuZGlkYWN5LzEwODE2MTM=,Frank Baker,[1691]
Z2lkOi8vYmFsbG90LWZhY3RvcnkvQ2FuZGlkYWN5LzEwODE2MTQ=,Alexandra E. Valdez,"[1692, 1693, 1694, 1695, 1696, 1697, 1698, 1699]"
Z2lkOi8vYmFsbG90LWZhY3RvcnkvQ2FuZGlkYWN5LzEwODE2MTU=,Will Onuoha,"[1700, 1701, 1702, 1703, 1704, 1705, 1706]"
Z2lkOi8vYmFsbG90LWZhY3RvcnkvQ2FuZGlkYWN5LzEwODE2MTY=,Marvin Dee Mathelier,"[1707, 1708, 1709, 1710, 1711, 1712, 1713, 1714]"
Z2lkOi8vYmFsbG90LWZhY3RvcnkvQ2FuZGlkYWN5LzEwODE2MDk=,Erin J. Murphy,"[1715, 1716, 1717, 1718, 1719, 1720, 1721, 1722, 1723]"
Z2lkOi8vYmFsbG90LWZhY3RvcnkvQ2FuZGlkYWN5LzEwNzY2ODQ=,Ziqiang Yuan,"[1724, 1725, 1726, 1727, 1728]"
Z2lkOi8vYmFsbG90LWZhY3RvcnkvQ2FuZGlkYWN5LzEwNzY2ODU=,Andrew N. Pham,"[1729, 1730, 1731, 1732, 1733, 1734, 1735]"
Z2lkOi8vYmFsbG90LWZhY3RvcnkvQ2FuZGlkYWN5LzEwNzY2ODY=,Herbert Shaughnessy III,"[1736, 1737, 1738, 1739, 1740, 1741, 1742, 1743, 1744, 1745, 1746, 1747]"
Z2lkOi8vYmFsbG90LWZhY3RvcnkvQ2FuZGlkYWN5LzEwNzY3MTk=,Owura-Kwaku Sarkodieh,"[1748, 1749, 1750, 1751, 1752, 1753, 1754, 1755, 1756, 1757]"
Z2lkOi8vYmFsbG90LWZhY3RvcnkvQ2FuZGlkYWN5LzEwNzY3MjA=,Khrystian E. King,"[1758, 1759, 1760, 1761, 1762]"
Z2lkOi8vYmFsbG90LWZhY3RvcnkvQ2FuZGlkYWN5LzEwNzY3MTM=,Jermoh Kamara,"[1763, 1764, 1765, 1766, 1767]"
Z2lkOi8vYmFsbG90LWZhY3RvcnkvQ2FuZGlkYWN5LzEwNzY3MTQ=,Donna M. Colorio,[1768]
Z2lkOi8vYmFsbG90LWZhY3RvcnkvQ2FuZGlkYWN5LzEwNzY3MDk=,Cayden Davis,"[1769, 1770, 1771, 1772, 1773, 1774, 1775, 1776, 1777, 1778, 1779, 1780, 1781]"
Z2lkOi8vYmFsbG90LWZhY3RvcnkvQ2FuZGlkYWN5LzEwNzY3MTA=,Jessica R. Pepple,"[1782, 1783, 1784, 1785, 1786, 1787]"
Z2lkOi8vYmFsbG90LWZhY3RvcnkvQ2FuZGlkYWN5LzExMDE4OTk=,Shaun Mulvey,"[1788, 1789]"
Z2lkOi8vYmFsbG90LWZhY3RvcnkvQ2FuZGlkYWN5LzExMDE5MDA=,Devin B. Byrnes,"[1790, 1791]"
Z2lkOi8vYmFsbG90LWZhY3RvcnkvQ2FuZGlkYWN5LzExMDE5MDI=,Jennifer Arruda,"[1792, 1793]"
Z2lkOi8vYmFsbG90LWZhY3RvcnkvQ2FuZGlkYWN5LzExMDE5MDE=,James Roy,"[1794, 1795, 1796, 1797, 1798, 1799, 1800]"
Z2lkOi8vYmFsbG90LWZhY3RvcnkvQ2FuZGlkYWN5LzEwOTc4MjU=,Evan James Francis,"[1801, 1802, 1803, 1804, 1805, 1806, 1807, 1808, 1809, 1810, 1811]"
Z2lkOi8vYmFsbG90LWZhY3RvcnkvQ2FuZGlkYWN5LzEwOTc4Mjk=,Colleen Simmons,"[1812, 1813, 1814]"
Z2lkOi8vYmFsbG90LWZhY3RvcnkvQ2FuZGlkYWN5LzEwOTc4MzE=,Phillip E. Duarte,"[1815, 1816, 1817, 1818, 1819, 1820, 1821, 1822, 1823, 1824, 1825, 1826, 1827, 1828, 1829, 1830, 1831, 1832, 1833, 1834, 1835, 1836]"
Z2lkOi8vYmFsbG90LWZhY3RvcnkvQ2FuZGlkYWN5LzEwOTMyNjI=,Karen Colon Hayes,"[1837, 1838, 1839, 1840, 1841, 1842, 1843, 1844]"
Z2lkOi8vYmFsbG90LWZhY3RvcnkvQ2FuZGlkYWN5LzEwOTMyNjM=,Carey McDonald,"[1845, 1846, 1847, 1848, 1849, 1850, 1851]"
Z2lkOi8vYmFsbG90LWZhY3RvcnkvQ2FuZGlkYWN5LzEwOTMyNjY=,Solomon Davidoff,"[1852, 1853]"
Z2lkOi8vYmFsbG90LWZhY3RvcnkvQ2FuZGlkYWN5LzEwOTMyNjc=,Michelle A. Luong,"[1854, 1855, 1856, 1857, 1858, 1859, 1860, 1861, 1862, 1863, 1864, 1865, 1866, 1867]"
Z2lkOi8vYmFsbG90LWZhY3RvcnkvQ2FuZGlkYWN5LzEwODc5ODQ=,Justin Tseng,"[1868, 1869, 1870, 1871, 1872, 1873, 1874, 1875, 1876, 1877, 1878, 1879, 1880, 1881, 1882, 1883, 1884, 1885, 1886, 1887, 1888, 1889, 1890, 1891, 1892, 1893]"
Z2lkOi8vYmFsbG90LWZhY3RvcnkvQ2FuZGlkYWN5LzEwODc5ODU=,Paul J. Donato Jr.,"[1894, 1895, 1896, 1897, 1898]"
Z2lkOi8vYmFsbG90LWZhY3RvcnkvQ2FuZGlkYWN5LzEwODc5ODY=,Liz Mullane,"[1899, 1900, 1901, 1902, 1903, 1904, 1905, 1906, 1907, 1908, 1909, 1910, 1911, 1912, 1913, 1914, 1915]"
Z2lkOi8vYmFsbG90LWZhY3RvcnkvQ2FuZGlkYWN5LzEwODc5ODg=,"Isaac ""Zac"" B. Bears","[1916, 1917]"
Z2lkOi8vYmFsbG90LWZhY3RvcnkvQ2FuZGlkYWN5LzEwODc5OTE=,Emily Kaye Lazzaro,"[1918, 1919, 1920, 1921, 1922, 1923]"
Z2lkOi8vYmFsbG90LWZhY3RvcnkvQ2FuZGlkYWN5LzEwODc5OTM=,Matt Leming,"[1924, 1925, 1926, 1927, 1928, 1929, 1930, 1931, 1932, 1933, 1934, 1935, 1936, 1937, 1938, 1939, 1940, 1941, 1942, 1943, 1944]"
Z2lkOi8vYmFsbG90LWZhY3RvcnkvQ2FuZGlkYWN5LzEwODc5OTQ=,Nicholas G. Giurleo,"[1945, 1946, 1947, 1948, 1949, 1950, 1951, 1952, 1953, 1954, 1955, 1956, 1957, 1958, 1959, 1960, 1961, 1962, 1963, 1964, 1965, 1966, 1967, 1968, 1969, 1970, 1971]"
Z2lkOi8vYmFsbG90LWZhY3RvcnkvQ2FuZGlkYWN5LzEwODc5OTU=,Miranda Briseno,"[1972, 1973, 1974, 1975, 1976, 1977, 1978, 1979, 1980, 1981, 1982, 1983, 1984]"
Z2lkOi8vYmFsbG90LWZhY3RvcnkvQ2FuZGlkYWN5LzEwODc5ODk=,Anna Callahan,"[1985, 1986, 1987, 1988, 1989, 1990, 1991, 1992, 1993, 1994, 1995, 1996, 1997, 1998, 1999, 2000, 2001, 2002, 2003, 2004, 2005, 2006, 2007, 2008, 2009]"
Z2lkOi8vYmFsbG90LWZhY3RvcnkvQ2FuZGlkYWN5LzEwODc5ODM=,Charles Patrick Clerkin,"[2010, 2011, 2012, 2013, 2014]"
Z2lkOi8vYmFsbG90LWZhY3RvcnkvQ2FuZGlkYWN5LzEwODc5OTA=,Melanie Tringali,"[2015, 2016, 2017, 2018, 2019]"
Z2lkOi8vYmFsbG90LWZhY3RvcnkvQ2FuZGlkYWN5LzEwODk1MDE=,Tarik Lucas,"[2020, 2021]"
Z2lkOi8vYmFsbG90LWZhY3RvcnkvQ2FuZGlkYWN5LzEwODk1MDI=,Susan Albright,"[2022, 2023, 2024, 2025, 2026, 2027, 2028, 2029]"
Z2lkOi8vYmFsbG90LWZhY3RvcnkvQ2FuZGlkYWN5LzEwODk1MTY=,Cyrus Dahamubed,"[2030, 2031, 2032, 2033]"
Z2lkOi8vYmFsbG90LWZhY3RvcnkvQ2FuZGlkYWN5LzEwODk1MTc=,John Chaimanis,"[2034, 2035, 2036]"
Z2lkOi8vYmFsbG90LWZhY3RvcnkvQ2FuZGlkYWN5LzEwODk1MzU=,Lisa Rachelle Teusch Gordon,"[2037, 2038, 2039, 2040, 2041, 2042, 2043, 2044, 2045, 2046]"
Z2lkOi8vYmFsbG90LWZhY3RvcnkvQ2FuZGlkYWN5LzEwODk1Mzc=,Sean ND Roche,"[2047, 2048, 2049, 2050, 2051, 2052, 2053, 2054, 2055, 2056]"
Z2lkOi8vYmFsbG90LWZhY3RvcnkvQ2FuZGlkYWN5LzEwODk1NDY=,David Kalis,"[2057, 2058, 2059]"
Z2lkOi8vYmFsbG90LWZhY3RvcnkvQ2FuZGlkYWN5LzEwODk1NDc=,Jacob Silber,"[2060, 2061, 2062, 2063]"
Z2lkOi8vYmFsbG90LWZhY3RvcnkvQ2FuZGlkYWN5LzEwODgwMDg=,"Jacob ""Jake"" D. Wilson","[2064, 2065, 2066, 2067, 2068, 2069, 2070, 2071, 2072, 2073, 2074, 2075, 2076, 2077, 2078, 2079]"
Z2lkOi8vYmFsbG90LWZhY3RvcnkvQ2FuZGlkYWN5LzEwODgwMDc=,Willie Burnley Jr.,"[2080, 2081, 2082, 2083, 2084, 2085, 2086, 2087, 2088, 2089, 2090, 2091, 2092, 2093, 2094]"
Z2lkOi8vYmFsbG90LWZhY3RvcnkvQ2FuZGlkYWN5LzEwODgwMzM=,Scott Istvan,"[2095, 2096, 2097, 2098]"
Z2lkOi8vYmFsbG90LWZhY3RvcnkvQ2FuZGlkYWN5LzEwODgwMzE=,Marianne Walles,"[2099, 2100, 2101, 2102, 2103, 2104, 2105]"
Z2lkOi8vYmFsbG90LWZhY3RvcnkvQ2FuZGlkYWN5LzEwODgwMjk=,"Wilfred ""Will"" N. Mbah","[2106, 2107, 2108, 2109, 2110, 2111, 2112, 2113, 2114, 2115, 2116, 2117, 2118, 2119, 2120, 2121, 2122]"
Z2lkOi8vYmFsbG90LWZhY3RvcnkvQ2FuZGlkYWN5LzEwODgwMzI=,Kristen Strezo,"[2123, 2124, 2125, 2126, 2127, 2128, 2129, 2130, 2131, 2132, 2133, 2134, 2135, 2136, 2137, 2138]"
Z2lkOi8vYmFsbG90LWZhY3RvcnkvQ2FuZGlkYWN5LzEwODgwMzQ=,Holly Simione,"[2139, 2140, 2141]"
Z2lkOi8vYmFsbG90LWZhY3RvcnkvQ2FuZGlkYWN5LzEwODgwMzU=,Jonathan Link,"[2142, 2143, 2144, 2145, 2146, 2147, 2148, 2149, 2150]"
Z2lkOi8vYmFsbG90LWZhY3RvcnkvQ2FuZGlkYWN5LzEwODgwMzY=,Ben Wheeler,"[2151, 2152, 2153, 2154, 2155, 2156, 2157]"
Z2lkOi8vYmFsbG90LWZhY3RvcnkvQ2FuZGlkYWN5LzEwOTYwMjA=,Naima Sait,"[2158, 2159, 2160, 2161, 2162, 2163, 2164, 2165, 2166, 2167]"
Z2lkOi8vYmFsbG90LWZhY3RvcnkvQ2FuZGlkYWN5LzEwOTYwMjE=,Jason M. Mackey,"[2168, 2169, 2170, 2171, 2172, 2173, 2174, 2175, 2176, 2177, 2178, 2179, 2180, 2181, 2182, 2183, 2184, 2185]"
Z2lkOi8vYmFsbG90LWZhY3RvcnkvQ2FuZGlkYWN5LzEwODgwMzc=,Emily E. Hardt,"[2186, 2187, 2188, 2189, 2190, 2191, 2192, 2193, 2194, 2195, 2196]"
Z2lkOi8vYmFsbG90LWZhY3RvcnkvQ2FuZGlkYWN5LzEwODgwMzg=,Wilbert Pineda,"[2197, 2198, 2199, 2200, 2201, 2202, 2203, 2204, 2205, 2206, 2207, 2208, 2209]"
Z2lkOi8vYmFsbG90LWZhY3RvcnkvQ2FuZGlkYWN5LzEwODUzNjc=,Tim King,"[2210, 2211, 2212, 2213, 2214]"
Z2lkOi8vYmFsbG90LWZhY3RvcnkvQ2FuZGlkYWN5LzEwODUzNjg=,Emma Tzioumis,"[2215, 2216, 2217, 2218, 2219, 2220, 2221, 2222, 2223, 2224]"
Z2lkOi8vYmFsbG90LWZhY3RvcnkvQ2FuZGlkYWN5LzEwODUzNjA=,Colleen M. Bradley-MacArthur,"[2225, 2226, 2227, 2228, 2229, 2230, 2231, 2232, 2233]"
Z2lkOi8vYmFsbG90LWZhY3RvcnkvQ2FuZGlkYWN5LzEwODUzNjI=,Randy LeBlanc,"[2234, 2235, 2236, 2237, 2238, 2239]"
Z2lkOi8vYmFsbG90LWZhY3RvcnkvQ2FuZGlkYWN5LzEwODUzNjQ=,Carlos A. Vidal,"[2240, 2241]"
Z2lkOi8vYmFsbG90LWZhY3RvcnkvQ2FuZGlkYWN5LzEwODUzNjU=,Christina Curtin,"[2242, 2243, 2244, 2245, 2246]"
Z2lkOi8vYmFsbG90LWZhY3RvcnkvQ2FuZGlkYWN5LzEwODczNDI=,Winston Pierre,"[2247, 2248, 2249, 2250, 2251, 2252, 2253, 2254, 2255, 2256, 2257, 2258, 2259, 2260, 2261, 2262, 2263, 2264]"
